{"name":"Footer","type":"footer","sections":{"footer":{"type":"footer","blocks":{"link_list_3H8mTj":{"type":"link_list","settings":{"heading":"Information","menu":"footer","collapsible":true}},"image_and_text_AMCBwY":{"type":"image_and_text","settings":{"heading":"Roberts Motor Parts","description":"<p>Your trusted source for quality automotive parts in West Newbury, Massachusetts. We've been serving the local community with reliable parts and exceptional customer service for years. Whether you're a professional mechanic or a DIY enthusiast, we have the automotive parts and expertise you need to keep your vehicle running at its best.<\/p>","collapsible":true,"wider":true,"image_width":100,"image_placement":"top"}},"image_and_text_Rfp8tU":{"type":"image_and_text","settings":{"heading":"Business Hours","description":"<p><strong>Monday:<\/strong> 9 AM–6 PM ET<br\/><strong>Tuesday:<\/strong> 9 AM–6 PM ET<br\/><strong>Wednesday:<\/strong> 9 AM–6 PM ET<br\/><strong>Thursday:<\/strong> 9 AM–6 PM ET<br\/><strong>Friday:<\/strong> 9 AM–4 PM ET<br\/><strong>Saturday:<\/strong> Closed<br\/><strong>Sunday:<\/strong> Closed<br\/><em>Hours may vary on holidays<\/em><\/p>","collapsible":true,"wider":true,"image_width":135,"image_placement":"top"}},"image_and_text_FFDePH":{"type":"image_and_text","disabled":true,"settings":{"heading":"Expert help","description":"<p>Need any advice before you buy? We're here to help.<\/p><p><a href=\"\/\" title=\"\/\">Contact Us<\/a><\/p>","collapsible":true,"wider":false,"image_width":100,"image_placement":"top"}}},"block_order":["link_list_3H8mTj","image_and_text_AMCBwY","image_and_text_Rfp8tU","image_and_text_FFDePH"],"custom_css":[],"settings":{"bottom_bar_links":"","enable_follow_on_shop":true,"show_social":true,"enable_country_selector":true,"show_country_filter":false,"enable_language_selector":true,"payment_enable":true,"color_scheme":"","color_scheme_bottom":"","color_scheme_bottom_light":true,"let_it_snow":false}}},"order":["footer"]}