{"name":"Header","type":"header","sections":{"announcement-bar":{"type":"announcement-bar","blocks":{"01f1744f-4bdc-4966-8eb5-a7fdf375e9a5":{"type":"announcement","disabled":true,"settings":{"text":"<strong>UP TO 30% OFF OVER <\/strong>25,000 PARTS! <a href=\"\/collections\" title=\"All collections\">SHOP NOW<\/a>","mobile_text":"","announcement_pages":"","color_scheme":"scheme-5"}},"announcement-bar-0":{"type":"announcement","disabled":true,"settings":{"text":"<strong>FREE SHIPPING <\/strong>ON ORDERS OVER $100!","mobile_text":"","announcement_pages":"","color_scheme":"scheme-1ceac8af-8528-4fbc-894d-c6e0136c665c"}}},"block_order":["01f1744f-4bdc-4966-8eb5-a7fdf375e9a5","announcement-bar-0"],"disabled":true,"custom_css":[".announcement__icons a:first-child svg {position: relative; top: -1px;}"],"settings":{"text_size":"t6","change_slides_speed":6,"enable_accounts":true,"link_1_icon":"search","link_1_label":"Part Finder 3000™","link_1_url":"\/","link_2_icon":"","link_2_label":"","link_2_url":"","enable_country_selector":true,"show_country_filter":true,"enable_language_selector":true,"text_padding":0.7,"show_line_separator":false}},"icons_with_text_KmPbf8":{"type":"icons-with-text","blocks":{"icon_with_text_yX4Kpr":{"type":"icon_with_text","settings":{"icon":"shield_checkmark","icon_container":"none","icon_color":"","icon_background_color":"#ededed","background_gradient":"","image_width":40,"title":"<strong>WELL TRUSTED<\/strong>","text":"Over 100k customers","card_link":""}},"icon_with_text_YxxaMV":{"type":"icon_with_text","settings":{"icon":"truck","icon_container":"none","icon_color":"","icon_background_color":"#ededed","background_gradient":"","image_width":40,"title":"<strong>SUPER FAST<\/strong>","text":"With Express delivery","card_link":""}},"icon_with_text_kKTqkp":{"type":"icon_with_text","settings":{"icon":"chat_bubbles","icon_container":"none","icon_color":"","icon_background_color":"#ededed","background_gradient":"","image_width":40,"title":"<strong>EXPERT HELP<\/strong>","text":"Seven days a week","card_link":""}},"icon_with_text_eYGf9C":{"type":"icon_with_text","settings":{"icon":"price_tags","icon_container":"none","icon_color":"","icon_background_color":"#ededed","background_gradient":"","image_width":40,"title":"<strong>BEST PRICES<\/strong>","text":"Unbeatable value","card_link":""}}},"block_order":["icon_with_text_yX4Kpr","icon_with_text_YxxaMV","icon_with_text_kKTqkp","icon_with_text_eYGf9C"],"disabled":true,"name":"Icons with text","settings":{"placement":"beside","content_vertical_alignment":"items-start","column_alignment":"left","vertical_padding":1,"icon_size":2.8,"heading_size":"t6","text_size":"t6","mobile_layout":"carousel","columns_mobile":"2","color_scheme":"","line_separator":"","visibility":"","hide_when_empty":false,"show_at_specific_time_of_day":false,"show_time_morning":true,"show_time_afternoon":true,"show_time_evening":true,"show_time_night":true}},"header":{"type":"header","blocks":{"mega_image_promo_7hLHnw":{"type":"mega_image_promo","settings":{"title":"Shop by Make","visibility":"both","burger_menu_replace":false,"position":"right","columns_wide":"2","promos_per_row":1,"show_line_separator":false,"promo_header_text":"","promo_header_text_size":"h4-size","promo_header_text_style":"","promo_footer_button_label":"","promo_footer_button_link":"","promo_footer_button_style":"secondary","promo_footer_show_arrow":true,"promo_text_size":"h6-size","promo_text_style":"","promo_aspect_ratio":"adapt","promo_image_overlay_opacity":0,"promo_1_show":true,"promo_1_text":"<h3>BMV PARTS<\/h3><p><strong>Huge savings.<\/strong><\/p>","promo_1_url":"","promo_1_text_position":"justify-start items-start","promo_1_text_alignment":"left","promo_1_text_padding":1,"promo_1_text_color":"#ffffff","promo_2_show":false,"promo_2_text":"<p>Promo text here<\/p>","promo_2_url":"","promo_2_text_position":"justify-start items-end","promo_2_text_alignment":"center","promo_2_text_padding":1,"promo_2_text_color":"#000000","promo_3_show":false,"promo_3_text":"<p>Promo text here<\/p>","promo_3_url":"","promo_3_text_position":"justify-start items-end","promo_3_text_alignment":"center","promo_3_text_padding":1,"promo_3_text_color":"#000000","promo_4_show":false,"promo_4_text":"<p>Promo text here<\/p>","promo_4_url":"","promo_4_text_position":"justify-start items-end","promo_4_text_alignment":"center","promo_4_text_padding":1,"promo_4_text_color":"#000000","promo_5_show":false,"promo_5_text":"<p>Promo text here<\/p>","promo_5_url":"","promo_5_text_position":"justify-start items-end","promo_5_text_alignment":"center","promo_5_text_padding":1,"promo_5_text_color":"#000000","promo_6_show":false,"promo_6_text":"<p>Promo text here<\/p>","promo_6_url":"","promo_6_text_position":"justify-start items-end","promo_6_text_alignment":"center","promo_6_text_padding":1,"promo_6_text_color":"#000000","promo_7_show":false,"promo_7_text":"<p>Promo text here<\/p>","promo_7_url":"","promo_7_text_position":"justify-start items-end","promo_7_text_alignment":"center","promo_7_text_padding":1,"promo_7_text_color":"#000000","promo_8_show":false,"promo_8_text":"<p>Promo text here<\/p>","promo_8_url":"","promo_8_text_position":"justify-start items-end","promo_8_text_alignment":"center","promo_8_text_padding":1,"promo_8_text_color":"#000000"}},"mega_image_promo_JnY3Cf":{"type":"mega_image_promo","settings":{"title":"Shop by Make","visibility":"mega","burger_menu_replace":false,"position":"below","columns_wide":"6","promos_per_row":1,"show_line_separator":false,"promo_header_text":"","promo_header_text_size":"h4-size","promo_header_text_style":"","promo_footer_button_label":"","promo_footer_button_link":"","promo_footer_button_style":"secondary","promo_footer_show_arrow":true,"promo_text_size":"h4-size","promo_text_style":"text-heading","promo_aspect_ratio":"adapt","promo_image_overlay_opacity":44,"promo_1_show":true,"promo_1_text":"<p>LOST? FIND IT QUICKER, WITH OUR PART FINDER<\/p>","promo_1_url":"","promo_1_text_position":"justify-center items-center","promo_1_text_alignment":"left","promo_1_text_padding":1,"promo_1_text_color":"#ffffff","promo_2_show":false,"promo_2_text":"<p>Promo text here<\/p>","promo_2_url":"","promo_2_text_position":"justify-start items-end","promo_2_text_alignment":"center","promo_2_text_padding":1,"promo_2_text_color":"#000000","promo_3_show":false,"promo_3_text":"<p>Promo text here<\/p>","promo_3_url":"","promo_3_text_position":"justify-start items-end","promo_3_text_alignment":"center","promo_3_text_padding":1,"promo_3_text_color":"#000000","promo_4_show":false,"promo_4_text":"<p>Promo text here<\/p>","promo_4_url":"","promo_4_text_position":"justify-start items-end","promo_4_text_alignment":"center","promo_4_text_padding":1,"promo_4_text_color":"#000000","promo_5_show":false,"promo_5_text":"<p>Promo text here<\/p>","promo_5_url":"","promo_5_text_position":"justify-start items-end","promo_5_text_alignment":"center","promo_5_text_padding":1,"promo_5_text_color":"#000000","promo_6_show":false,"promo_6_text":"<p>Promo text here<\/p>","promo_6_url":"","promo_6_text_position":"justify-start items-end","promo_6_text_alignment":"center","promo_6_text_padding":1,"promo_6_text_color":"#000000","promo_7_show":false,"promo_7_text":"<p>Promo text here<\/p>","promo_7_url":"","promo_7_text_position":"justify-start items-end","promo_7_text_alignment":"center","promo_7_text_padding":1,"promo_7_text_color":"#000000","promo_8_show":false,"promo_8_text":"<p>Promo text here<\/p>","promo_8_url":"","promo_8_text_position":"justify-start items-end","promo_8_text_alignment":"center","promo_8_text_padding":1,"promo_8_text_color":"#000000"}},"mega_text_promo_GbLHXY":{"type":"mega_text_promo","settings":{"title":"Shop by Part","visibility":"both","burger_menu_replace":true,"position":"left","columns_wide":"6","promos_per_row":4,"show_line_separator":false,"promo_header_text":"","promo_header_text_size":"h4-size","promo_header_text_style":"text-heading","promo_footer_button_label":"","promo_footer_button_link":"","promo_footer_button_style":"secondary","promo_footer_show_arrow":true,"promo_image_position":"above_heading","promo_image_ratio":"landscape_wide","promo_1_show":true,"promo_1_heading":"All Components","promo_1_text":"Browse our entire range of body kits, lights, electricals, and much more.","promo_1_url":"","promo_1_accent":"","promo_2_show":true,"promo_2_heading":"Body Components","promo_2_text":"Grilles, headlight covers, spoilers, hood scoops, side skirt extensions.","promo_2_url":"shopify:\/\/collections\/body-components","promo_2_accent":"","promo_3_show":true,"promo_3_heading":"Controls","promo_3_text":"Paddle shifters, stop\/start buttons, switches, gear shift covers.","promo_3_url":"shopify:\/\/collections\/controls","promo_3_accent":"","promo_4_show":true,"promo_4_heading":"Electrical","promo_4_text":"Radios, USB charging ports, turn signals, trunk and footwell light wiring.","promo_4_url":"shopify:\/\/collections\/electrical","promo_4_accent":"","promo_5_show":true,"promo_5_heading":"Interior Components","promo_5_text":"Gear shift knobs, ISOFix, brake & gas pedals, console covers.","promo_5_url":"shopify:\/\/collections\/interior-components","promo_5_accent":"","promo_6_show":true,"promo_6_heading":"Lighting","promo_6_text":"Dynamic turn signals, LED strips, trunk lighting, footwell LEDs, fog lights.","promo_6_url":"shopify:\/\/collections\/lighting","promo_6_accent":"","promo_7_show":true,"promo_7_heading":"Interior Trim","promo_7_text":"Carbon fiber handbrake covers, mid console covers, seat trim, handle trim.","promo_7_url":"shopify:\/\/collections\/interior-trim","promo_7_accent":"","promo_8_show":true,"promo_8_heading":"Mirrors & Covers","promo_8_text":"Wing mirrors, carbon fiber covers, diffusers, headlight eyebrow covers.","promo_8_url":"shopify:\/\/collections\/mirros-and-covers","promo_8_accent":""}}},"block_order":["mega_image_promo_7hLHnw","mega_image_promo_JnY3Cf","mega_text_promo_GbLHXY"],"settings":{"sticky_header_type":"none","drawer_on_desktop":"on","logo_position":"top-left","center_menu_links":true,"enable_accounts":true,"enable_accounts_mobile":false,"search":"bar","search_size":"large","search_mobile_open":false,"search_placeholder":"","logo":"shopify:\/\/shop_images\/Roberts_Motor_Parts_3.png","logo_width":200,"mobile_logo_width":105,"mobile_logo_position":"left","logo_strap":"","logo_strap_text_size":"t3","menu":"main-menu","text_size":"t5","text_weight":"bold","link_headers_third_level":false,"line_separator":"","mega_menu_link_label":"Shop by Make","mega_menu_link_enabled":true,"menu_burger":"main-menu","link_headers_second_level":true,"drawer_show_login":true,"secondary_links_threshold":7,"drawer_text_size":"1.4","drawer_icon_1":"home","drawer_icon_2":"layers","drawer_icon_3":"sports_car","drawer_icon_4":"build","drawer_icon_5":"search","drawer_icon_6":"apps","drawer_icon_7":"price_tags","drawer_icon_8":"","drawer_icon_9":"","drawer_icon_10":"","cta_enable":false,"cta_icon":"sports_car","cta_icon_size":3.2,"cta_heading":"SELECT YOUR VEHICLE","cta_label":"Car parts, simplified.","cta_url":"shopify:\/\/pages\/shop-by-vehicle","cta_text_size":"t7","custom_icon":"chat_bubbles","custom_icon_url":"shopify:\/\/pages\/contact","custom_icon_label":"Get in touch","color_scheme":"scheme-1ceac8af-8528-4fbc-894d-c6e0136c665c","menu_color_scheme":"scheme-1","dropdown_menu_color_scheme":"scheme-1ceac8af-8528-4fbc-894d-c6e0136c665c","cta_color_scheme":"scheme-1","search_bar_color_scheme":"scheme-1ceac8af-8528-4fbc-894d-c6e0136c665c","enable_country_selector":true,"show_country_filter":true,"enable_language_selector":true,"spacing":1.6,"let_it_snow":false}},"blocks_8ARdid":{"type":"_blocks","blocks":{"ai_gen_block_ee285ad_6CfEYh":{"type":"ai_gen_block_ee285ad","disabled":true,"settings":{"header_image":"shopify:\/\/shop_images\/roberts-motor-parts-slim-thanksgiving-banner_1ad3584e-2b2d-4a4a-8cd0-eaf7e87d4b4f.png","header_height":350,"header_height_mobile":200,"image_fit":"fill","image_position":"center","border_radius":0},"blocks":{}},"ai_gen_block_ee285ad_kWH8c9":{"type":"ai_gen_block_ee285ad","disabled":true,"settings":{"header_image":"shopify:\/\/shop_images\/roberts-motor-parts-christmas-banner-short-wide.png","header_height":350,"header_height_mobile":200,"image_fit":"cover","image_position":"center","border_radius":0},"blocks":{}},"ai_gen_block_ee285ad_rpXY36":{"type":"ai_gen_block_ee285ad","disabled":true,"settings":{"header_image":"shopify:\/\/shop_images\/roberts-motor-parts-new-year-banner-clean.png","header_height":350,"header_height_mobile":200,"image_fit":"fill","image_position":"center","border_radius":0},"blocks":{}}},"block_order":["ai_gen_block_ee285ad_6CfEYh","ai_gen_block_ee285ad_kWH8c9","ai_gen_block_ee285ad_rpXY36"],"name":"eBay header section","settings":{}}},"order":["announcement-bar","icons_with_text_KmPbf8","header","blocks_8ARdid"]}