{"sections":{"17597687056b11ab78":{"type":"_blocks","blocks":{"ai_gen_block_ee285ad_GdmiAi":{"type":"ai_gen_block_ee285ad","settings":{"header_image":"shopify:\/\/shop_images\/eBay_Store_Billboard_1280x290_px.png","header_height":200,"header_height_mobile":150,"image_fit":"cover","image_position":"center","border_radius":0},"blocks":{}}},"block_order":["ai_gen_block_ee285ad_GdmiAi"],"disabled":true,"settings":{}},"icons_with_text_A8P3h4":{"type":"icons-with-text","blocks":{"icon_with_text_Qi374n":{"type":"icon_with_text","settings":{"icon":"shield_checkmark","icon_container":"none","icon_color":"","icon_background_color":"#ededed","background_gradient":"","image_width":40,"title":"<strong>WELL TRUSTED<\/strong>","text":"Over 100k customers","card_link":""}},"icon_with_text_PtjAX6":{"type":"icon_with_text","settings":{"icon":"truck","icon_container":"none","icon_color":"","icon_background_color":"#ededed","background_gradient":"","image_width":40,"title":"<strong>SUPER FAST<\/strong>","text":"With Express delivery","card_link":""}},"icon_with_text_BPQ4eh":{"type":"icon_with_text","settings":{"icon":"chat_bubbles","icon_container":"none","icon_color":"","icon_background_color":"#ededed","background_gradient":"","image_width":40,"title":"<strong>EXPERT HELP<\/strong>","text":"Seven days a week","card_link":""}},"icon_with_text_VMaqgr":{"type":"icon_with_text","settings":{"icon":"price_tags","icon_container":"none","icon_color":"","icon_background_color":"#ededed","background_gradient":"","image_width":40,"title":"<strong>BEST PRICES<\/strong>","text":"Unbeatable value","card_link":""}}},"block_order":["icon_with_text_Qi374n","icon_with_text_PtjAX6","icon_with_text_BPQ4eh","icon_with_text_VMaqgr"],"disabled":true,"settings":{"placement":"beside","content_vertical_alignment":"items-start","column_alignment":"left","vertical_padding":1,"icon_size":2.8,"heading_size":"t6","text_size":"t6","mobile_layout":"carousel","columns_mobile":"2","color_scheme":"scheme-1","line_separator":"border-bottom","visibility":"","hide_when_empty":false,"show_at_specific_time_of_day":false,"show_time_morning":true,"show_time_afternoon":true,"show_time_evening":true,"show_time_night":true}},"17562977555578eb8c":{"type":"_blocks","blocks":{"ai_gen_block_15ea61d_WXfEjK":{"type":"ai_gen_block_15ea61d","disabled":true,"settings":{"privacy_policy_page":"","privacy_policy_text":"Privacy Policy","terms_of_service_page":"","terms_of_service_text":"Terms of Service","shipping_policy_page":"","shipping_policy_text":"Shipping Policy","refund_policy_page":"","refund_policy_text":"Refund Policy","contact_page":"","contact_text":"Contact","custom_link_1_url":"","custom_link_1_text":"","custom_link_2_url":"","custom_link_2_text":"","alignment":"center","link_spacing":20,"padding":12,"link_padding":8,"background_color":"#ffffff","border_color":"#e5e5e5","text_color":"#333333","hover_text_color":"#000000","hover_background_color":"#f5f5f5","font_size":14,"font_weight":"normal","border_radius":4},"blocks":{}}},"block_order":["ai_gen_block_15ea61d_WXfEjK"],"settings":{}},"quick_filter_XTFBQD":{"type":"quick-filter","blocks":{"heading_MRCybJ":{"type":"heading","settings":{"heading":"Find Your Part","heading_italic_convert":"light","heading_size":"custom","heading_size_custom":2.6,"heading_line_height_custom":1.1,"heading_tag":"h2"}},"text_aChXFK":{"type":"text","settings":{"text":"","text_size":"t3"}},"quick_filter_bhJntH":{"type":"quick_filter","settings":{"filter_menu":"homepage","text_size":"t5","preselect":false,"min_items_for_search":9,"auto_open_next_dropdown":false,"select1_label":"Year","select2_label":"Make","select3_label":"Model","button_label":"Search","hide_label":true,"button_icon":"","icon_alignment":"right"}}},"block_order":["heading_MRCybJ","text_aChXFK","quick_filter_bhJntH"],"disabled":true,"settings":{"quick_filter_max_width":450,"vertical_padding":6.1,"image":"shopify:\/\/shop_images\/IMG_2249.jpg","image_overlay_opacity":2,"image_link":"","fix_image":false,"skew_images":false,"stack_images_on_mobile":true,"image_ratio":"custom","desktop_section_height":680,"mobile_section_height":300,"desktop_content_position":"md:justify-start md:items-center","mobile_content_position":"justify-center items-center","desktop_content_alignment":"left","mobile_content_alignment":"left","show_text_box":"always","color_scheme":"","container_color_scheme":"scheme-1ceac8af-8528-4fbc-894d-c6e0136c665c","line_separator":"","visibility":"","hide_when_empty":false,"show_at_specific_time_of_day":false,"show_time_morning":true,"show_time_afternoon":true,"show_time_evening":true,"show_time_night":true}},"slideshow":{"type":"slideshow","blocks":{"slide_ixBp4j":{"type":"slide","settings":{"image":"shopify:\/\/shop_images\/IMG_2255.jpg","image_overlay_opacity":0,"image_link":"","horizontal_offset":0,"vertical_offset":0,"desktop_content_position":"md:justify-center md:items-center","mobile_content_position":"justify-center items-center","content_max_width":"m","desktop_content_alignment":"center","mobile_content_alignment":"center","show_text_box":"always","caption":"","caption_text_style":"caption-with-letter-spacing","caption_text_size":"t6","heading":"","heading_italic_convert":"","heading_size":"h3","heading_size_custom":2.4,"heading_line_height_custom":1.2,"heading_tag":"h2","text":"","text_size":"t3","button_text_size":"t3","button_label_1":"","button_link_1":"\/","button_style_1":"primary","button_style_1_show_arrow":false,"button_label_2":"","button_link_2":"","button_style_2":"secondary","button_style_2_show_arrow":false,"color_scheme":"scheme-1"}},"slide_pqYrYD":{"type":"slide","settings":{"image":"shopify:\/\/shop_images\/IMG_2258.jpg","image_overlay_opacity":0,"image_link":"","horizontal_offset":0,"vertical_offset":0,"desktop_content_position":"md:justify-center md:items-center","mobile_content_position":"justify-center items-center","content_max_width":"m","desktop_content_alignment":"center","mobile_content_alignment":"center","show_text_box":"always","caption":"","caption_text_style":"caption-with-letter-spacing","caption_text_size":"t6","heading":"","heading_italic_convert":"","heading_size":"h3","heading_size_custom":2.4,"heading_line_height_custom":1.2,"heading_tag":"h2","text":"","text_size":"t3","button_text_size":"t3","button_label_1":"","button_link_1":"\/","button_style_1":"primary","button_style_1_show_arrow":false,"button_label_2":"","button_link_2":"","button_style_2":"secondary","button_style_2_show_arrow":false,"color_scheme":"scheme-1"}},"slide_RR69qH":{"type":"slide","settings":{"image":"shopify:\/\/shop_images\/IMG_2266.jpg","image_overlay_opacity":0,"image_link":"","horizontal_offset":0,"vertical_offset":0,"desktop_content_position":"md:justify-center md:items-center","mobile_content_position":"justify-center items-center","content_max_width":"m","desktop_content_alignment":"center","mobile_content_alignment":"center","show_text_box":"always","caption":"","caption_text_style":"caption-with-letter-spacing","caption_text_size":"t6","heading":"","heading_italic_convert":"","heading_size":"h3","heading_size_custom":2.4,"heading_line_height_custom":1.2,"heading_tag":"h2","text":"","text_size":"t3","button_text_size":"t3","button_label_1":"","button_link_1":"\/","button_style_1":"primary","button_style_1_show_arrow":false,"button_label_2":"","button_link_2":"","button_style_2":"secondary","button_style_2_show_arrow":false,"color_scheme":"scheme-1"}},"slide_abagjD":{"type":"slide","settings":{"image":"shopify:\/\/shop_images\/IMG_2290.jpg","image_overlay_opacity":0,"image_link":"","horizontal_offset":0,"vertical_offset":0,"desktop_content_position":"md:justify-center md:items-center","mobile_content_position":"justify-center items-center","content_max_width":"m","desktop_content_alignment":"center","mobile_content_alignment":"center","show_text_box":"always","caption":"","caption_text_style":"caption-with-letter-spacing","caption_text_size":"t6","heading":"","heading_italic_convert":"","heading_size":"h3","heading_size_custom":2.4,"heading_line_height_custom":1.2,"heading_tag":"h2","text":"","text_size":"t3","button_text_size":"t3","button_label_1":"","button_link_1":"\/","button_style_1":"primary","button_style_1_show_arrow":false,"button_label_2":"","button_link_2":"","button_style_2":"secondary","button_style_2_show_arrow":false,"color_scheme":"scheme-1"}},"slide_ErEV9Q":{"type":"slide","settings":{"image":"shopify:\/\/shop_images\/IMG_2317.jpg","image_overlay_opacity":0,"image_link":"","horizontal_offset":0,"vertical_offset":0,"desktop_content_position":"md:justify-center md:items-center","mobile_content_position":"justify-center items-center","content_max_width":"m","desktop_content_alignment":"center","mobile_content_alignment":"center","show_text_box":"always","caption":"","caption_text_style":"caption-with-letter-spacing","caption_text_size":"t6","heading":"","heading_italic_convert":"","heading_size":"h3","heading_size_custom":2.4,"heading_line_height_custom":1.2,"heading_tag":"h2","text":"","text_size":"t3","button_text_size":"t3","button_label_1":"","button_link_1":"\/","button_style_1":"primary","button_style_1_show_arrow":false,"button_label_2":"","button_link_2":"","button_style_2":"secondary","button_style_2_show_arrow":false,"color_scheme":"scheme-1"}}},"block_order":["slide_ixBp4j","slide_pqYrYD","slide_RR69qH","slide_abagjD","slide_ErEV9Q"],"settings":{"slide_animation":"wipe","slider_visual":"dots","pagination_position":"center","autoplay":"autoplay_with_pause","change_slides_speed":7,"image_ratio":"custom","desktop_section_height":540,"mobile_section_height":240,"full_width":"mobile","show_text_below":true,"color_scheme":"","line_separator":"","accessibility_info":"Slideshow about our brand","top_padding":"pt-s05","bottom_padding":"pb-s05","hide_when_empty":false,"visibility":"","show_at_specific_time_of_day":false,"show_time_morning":true,"show_time_afternoon":true,"show_time_evening":true,"show_time_night":true}},"rich_text_EeaxFY":{"type":"rich-text","blocks":{"heading_GqBxTt":{"type":"heading","settings":{"heading":"<strong>Highlight particular words++ for <\/strong><em><strong>added impact<\/strong><\/em><strong>.<\/strong>","heading_italic_convert":"accent","heading_size":"h0","heading_size_custom":3.2,"heading_line_height_custom":1.5,"heading_tag":"h2"}},"spacer_9xQQWA":{"type":"spacer","settings":{"show_line_separator":false,"spacing_top":2.4,"spacing_bottom":2.4,"spacer_visibility":"desktop","line_color":""}}},"block_order":["heading_GqBxTt","spacer_9xQQWA"],"disabled":true,"settings":{"desktop_content_position":"center","content_max_width":"l","desktop_content_alignment":"center","mobile_content_alignment":"left","section_color_scheme":"","container_color_scheme":"","show_content_shadow":false,"line_separator":"","top_padding":"pt-s15","bottom_padding":"pb-s15","visibility":"","hide_when_empty":false,"show_at_specific_time_of_day":false,"show_time_morning":true,"show_time_afternoon":true,"show_time_evening":true,"show_time_night":true}},"collection_list_9pHBkC":{"type":"collection-list","settings":{"collections":["accessories-miscellaneous","bearings","body-related-parts","brake-parts","clutch-area","cooling-1","electrical-related-parts","engine-area-related-parts","exhaust-systems-parts","floor-mats","fuel-area-related-parts","gaskets","interior-area-related-parts","lights-related-parts","literature","rubber-weatherstrip-related-parts","seals","windshield-wiper-motors-arms-blades","bed-area-related-parts","suspension","universal-joints"],"collection_text_size":"t3","content_alignment":"md:justify-center","card_image_ratio":"adapt","use_product_image":false,"desktop_layout":"carousel","mobile_layout":"carousel","columns_desktop":"6","columns_desktop_scale":true,"columns_mobile":"2","full_width":false,"content_max_width":"m","desktop_heading_alignment":"center","mobile_heading_alignment":"center","title":"New Stock Categories","italic_convert":"","heading_size":"h2","text":"","text_size":"t3","show_view_all_link":false,"view_all_link":"","view_all_text":"View more","view_all_text_size":"t3","view_all_card_visibility":"off","view_all_card_text":"More collections","color_scheme":"scheme-2","view_all_color_scheme":"","line_separator":"border-top border-bottom","top_padding":"pt-s05","bottom_padding":"pb-0","visibility":"","hide_when_empty":false,"show_at_specific_time_of_day":false,"show_time_morning":true,"show_time_afternoon":true,"show_time_evening":true,"show_time_night":true,"heading_tag":"h2"}},"collection_list_AtbY96":{"type":"collection-list","name":"Collection list","settings":{"collections":["new-old-stock-group-1-accessory-parts","new-old-stock-group-12-fenders-sheet-metal","new-old-stock-group-14-fuel","new-old-stock-group-15-hood","new-old-stock-group-19-steering","new-old-stock-group-21-transmission","new-old-stock-group-22-wheels","new-old-stock-group-23-body","new-old-stock-group-5-brake-service","new-old-stock-group-7-cooling","new-old-stock-group-8-electrical"],"collection_text_size":"t3","content_alignment":"md:justify-center","card_image_ratio":"adapt","use_product_image":true,"desktop_layout":"carousel","mobile_layout":"carousel","columns_desktop":"6","columns_desktop_scale":true,"columns_mobile":"2","full_width":false,"content_max_width":"m","desktop_heading_alignment":"center","mobile_heading_alignment":"center","title":"New Old Stock Categories","italic_convert":"","heading_size":"h2","text":"","text_size":"t3","show_view_all_link":false,"view_all_link":"","view_all_text":"View more","view_all_text_size":"t3","view_all_card_visibility":"off","view_all_card_text":"More Parts","color_scheme":"scheme-2","view_all_color_scheme":"","line_separator":"","top_padding":"pt-s","bottom_padding":"pb-s","visibility":"","hide_when_empty":true,"show_at_specific_time_of_day":false,"show_time_morning":true,"show_time_afternoon":true,"show_time_evening":true,"show_time_night":true,"heading_tag":"h2"}},"multicolumn_MkC9aa":{"type":"multicolumn","blocks":{"column_standard_W3pqXg":{"type":"column_standard","disabled":true,"settings":{"column_alignment":"left","text_vertical_alignment":"justify-center","content_padding":6,"image_ratio":"adapt","image_width":100,"image_position":"top","icon":"","icon_container":"rounded","icon_size":3.8,"icon_color":"#ffffff","icon_background_color":"#ededed","background_gradient":"linear-gradient(320deg, rgba(56, 78, 197, 1) 16%, rgba(203, 68, 194, 1) 52%, rgba(255, 201, 104, 1) 87%)","title":"Flexible columns","heading_tag":"h3","heading_size":"h2","heading_size_custom":2.8,"text":"<p>Each with it's own color scheme, icons and highly customizable layout options.<\/p>","text_size":"t1","button_text_size":"t2","button_label":"Learn more","button_link":"\/","button_style":"link","button_style_show_arrow":true,"card_link":"","card_color_scheme":"scheme-2","color_scheme_bg_fix":false}},"column_background_hxqNXt":{"type":"column_background","settings":{"column_alignment":"left","text_vertical_alignment":"justify-center","content_padding":3,"image_overlay_opacity":0,"icon":"","icon_container":"none","icon_size":3.4,"icon_color":"","icon_background_color":"#ededed","background_gradient":"","title":"","heading_tag":"h3","heading_size":"h3","heading_size_custom":2.4,"text":"","text_size":"t3","button_text_size":"t3","button_label":"","button_link":"","button_style":"primary","button_style_show_arrow":false,"card_link":"","card_color_scheme":"scheme-3","color_scheme_bg_fix":false}},"column_standard_zNrhpz":{"type":"column_standard","settings":{"column_alignment":"left","text_vertical_alignment":"justify-center","content_padding":6,"image_ratio":"adapt","image_width":100,"image_position":"top","icon":"","icon_container":"rounded","icon_size":3.8,"icon_color":"#ffffff","icon_background_color":"#ededed","background_gradient":"linear-gradient(320deg, rgba(56, 78, 197, 1) 16%, rgba(203, 68, 194, 1) 52%, rgba(255, 201, 104, 1) 87%)","title":"Animated gradient backgrounds","heading_tag":"h3","heading_size":"h2","heading_size_custom":2.4,"text":"<p>Check out how the color changes when scrolling left\/right.<\/p>","text_size":"t1","button_text_size":"t3","button_label":"","button_link":"","button_style":"link","button_style_show_arrow":true,"card_link":"","card_color_scheme":"scheme-4","color_scheme_bg_fix":true}},"column_background_fB6VLB":{"type":"column_background","settings":{"column_alignment":"left","text_vertical_alignment":"justify-center","content_padding":3,"image_overlay_opacity":0,"icon":"","icon_container":"none","icon_size":3.4,"icon_color":"","icon_background_color":"#ededed","background_gradient":"","title":"","heading_tag":"h3","heading_size":"h3","heading_size_custom":2.4,"text":"","text_size":"t3","button_text_size":"t3","button_label":"","button_link":"","button_style":"primary","button_style_show_arrow":false,"card_link":"","card_color_scheme":"scheme-3","color_scheme_bg_fix":false}},"column_standard_7877Vh":{"type":"column_standard","settings":{"column_alignment":"left","text_vertical_alignment":"justify-center","content_padding":6,"image_ratio":"adapt","image_width":100,"image_position":"top","icon":"rocket","icon_container":"circle","icon_size":3.6,"icon_color":"#ffffff","icon_background_color":"#ededed","background_gradient":"linear-gradient(127deg, rgba(254, 217, 81, 1) 11%, rgba(255, 70, 199, 1) 81%)","title":"That's right. ++ It's an icon.","heading_tag":"h3","heading_size":"h2","heading_size_custom":2.4,"text":"<p>Plus this entire card is a link. <br\/>Neat huh?<\/p>","text_size":"t1","button_text_size":"t3","button_label":"","button_link":"","button_style":"link","button_style_show_arrow":true,"card_link":"\/","card_color_scheme":"scheme-2","color_scheme_bg_fix":false}},"column_background_qMe963":{"type":"column_background","settings":{"column_alignment":"left","text_vertical_alignment":"justify-center","content_padding":3,"image_overlay_opacity":0,"icon":"","icon_container":"none","icon_size":3.4,"icon_color":"","icon_background_color":"#ededed","background_gradient":"","title":"","heading_tag":"h3","heading_size":"h3","heading_size_custom":2.4,"text":"","text_size":"t3","button_text_size":"t3","button_label":"","button_link":"","button_style":"primary","button_style_show_arrow":false,"card_link":"","card_color_scheme":"scheme-3","color_scheme_bg_fix":false}}},"block_order":["column_standard_W3pqXg","column_background_hxqNXt","column_standard_zNrhpz","column_background_fB6VLB","column_standard_7877Vh","column_background_qMe963"],"disabled":true,"settings":{"icon_bottom":false,"desktop_section_height":520,"mobile_section_height":200,"desktop_layout":"carousel","mobile_layout":"carousel","columns_desktop":"3","columns_desktop_scale":true,"columns_mobile":"1","image_overlay_opacity":0,"content_max_width":"m","desktop_heading_alignment":"left","mobile_heading_alignment":"left","title":"","italic_convert":"","heading_size":"h2","text":"","text_size":"t3","view_all_link":"","view_all_text":"","view_all_text_size":"t3","color_scheme":"scheme-3","card_shadow":true,"line_separator":"","top_padding":"pt-s15","bottom_padding":"pb-s","visibility":"","hide_when_empty":false,"show_at_specific_time_of_day":false,"show_time_morning":true,"show_time_afternoon":true,"show_time_evening":true,"show_time_night":true,"heading_tag":"h2"}},"featured_collection_GQEYiP":{"type":"featured-collection","settings":{"collection":"best-selling-for-front-page","products_to_show":24,"desktop_layout":"carousel","mobile_layout":"carousel","columns_desktop":"5","columns_mobile":"1","full_width":false,"content_max_width":"s","desktop_heading_alignment":"center","mobile_heading_alignment":"left","title":"Our Best Sellers","italic_convert":"","heading_size":"h2","text":"","text_size":"t1","show_view_all_link":false,"view_all_text":"","view_all_text_size":"t5","view_all_card_visibility":"off","view_all_card_text":"","color_scheme":"scheme-2","view_all_color_scheme":"scheme-3","line_separator":"","top_padding":"pt-s05","bottom_padding":"pb-s05","visibility":"","hide_when_empty":false,"show_at_specific_time_of_day":false,"show_time_morning":true,"show_time_afternoon":true,"show_time_evening":true,"show_time_night":true,"heading_tag":"h2"}},"ribbon_banner_JefMbE":{"type":"ribbon-banner","blocks":{"text_g9AKJU":{"type":"text","settings":{"text":"<p><strong>Savings worth signing up for.<\/strong><\/p>","text_size":"t2","content_max_width":"m"}},"text_CCNAwn":{"type":"text","settings":{"text":"<p>How about 10% off?<\/p>","text_size":"t2","content_max_width":"m"}},"discount_Bw4pD7":{"type":"discount","settings":{"discount_code":"YOURCODE10","text_size":"t5","discount_gated":true,"color_peel_background":"#ba36ff","color_peel_foreground":"#ffffff"}}},"block_order":["text_g9AKJU","text_CCNAwn","discount_Bw4pD7"],"disabled":true,"settings":{"full_width":false,"closable":true,"content_alignment":"justify-center","vertical_padding":3.5,"horizontal_padding":3.5,"spacing_grid":2.6,"image_overlay_opacity":0,"color_scheme":"scheme-3","line_separator":"","top_padding":"pt-s","bottom_padding":"pb-s","visibility":"both","hide_when_empty":false,"show_at_specific_time_of_day":false,"show_time_morning":true,"show_time_afternoon":true,"show_time_evening":true,"show_time_night":true}},"product_compare_aKxFYH":{"type":"product-compare","blocks":{"product_switcher_fYRxg8":{"type":"product_switcher","settings":{"candidate_products":[],"compare_label":"","line_separator":"","top_padding":"pt-0","bottom_padding":"pb-2","cell_visibility":""}},"product_summary_kDJNwt":{"type":"product_summary","settings":{"card_image_ratio":"square","card_image_cover":false,"card_image_secondary_image":true,"show_product_labels":true,"card_image_scale":100,"card_image_replace_background":false,"card_image_background":"","swatch_enabled":true,"swatch_alignment":"center","swatch_size":1.6,"swatch_limit":6,"swatch_hide_singles":false,"show_title":true,"show_price":true,"card_title_size":"t0","card_title_weight":"bold","card_price_size":"t2","card_title_transform":"none","compare_enable_quick_add":true,"compare_enable_learn_more":true,"line_separator":"border-bottom","top_padding":"pt-2","bottom_padding":"pb-2","cell_visibility":""}},"variants_text_jyaHAL":{"type":"variants_text","settings":{"text_style":"body","text_size":"t4","compare_label":"Available in","text_when_empty":"","line_separator":"border-bottom","top_padding":"pt-2","bottom_padding":"pb-2","cell_visibility":""}},"type_pgepw3":{"type":"type","settings":{"text_style":"body","text_size":"t4","compare_label":"Type","text_when_empty":"","line_separator":"border-bottom","top_padding":"pt-2","bottom_padding":"pb-2","cell_visibility":""}},"vendor_gBXfA7":{"type":"vendor","settings":{"text_style":"uppercase","use_link_color":false,"text_size":"t7","compare_label":"Vendor","text_when_empty":"","line_separator":"border-bottom","top_padding":"pt-2","bottom_padding":"pb-2","cell_visibility":""}},"description_iGjNwd":{"type":"description","settings":{"max_words":0,"text_style":"body","text_size":"t4","compare_label":"Description","text_when_empty":"","line_separator":"border-bottom","top_padding":"pt-2","bottom_padding":"pb-2","cell_visibility":""}},"icon_QyWCHF":{"type":"icon","settings":{"icon":"price_tags","icon_container":"none","icon_size":3.4,"icon_color":"","icon_background_color":"#ededed","background_gradient":"","compare_label":"","line_separator":"","top_padding":"pt-2","bottom_padding":"pb-1","cell_visibility":""}},"product_price_i7LtmY":{"type":"product_price","settings":{"price_color":"#ea0707","text_size":"t3","compare_label":"","text_when_empty":"","line_separator":"border-bottom","top_padding":"pt-0","bottom_padding":"pb-2","cell_visibility":""}},"buttons_nKa3za":{"type":"buttons","settings":{"button_text_size":"t3","button_label_1":"Learn more","button_link_1":"","button_style_1":"link","button_style_1_show_arrow":true,"button_label_2":"","button_link_2":"","button_style_2":"secondary","button_style_2_show_arrow":false,"compare_label":"","line_separator":"","top_padding":"pt-2","bottom_padding":"pb-0","cell_visibility":""}}},"block_order":["product_switcher_fYRxg8","product_summary_kDJNwt","variants_text_jyaHAL","type_pgepw3","vendor_gBXfA7","description_iGjNwd","icon_QyWCHF","product_price_i7LtmY","buttons_nKa3za"],"disabled":true,"settings":{"products":[],"text_when_empty":"-","compare_text_alignment":"center","label_text_size":"t3","label_text_weight":"bold","label_text_transform":"uppercase","columns_desktop":"3","columns_mobile":"1","full_width":false,"content_max_width":"m","desktop_heading_alignment":"center","mobile_heading_alignment":"center","title":"Super flexible Product Compare.","italic_convert":"","heading_size":"h2","text":"<p>Pick a few products to get started.<\/p>","text_size":"t3","show_view_all_link":false,"view_all_link":"","view_all_text":"View more","view_all_text_size":"t3","color_scheme":"scheme-1","card_color_scheme":"scheme-2","card_shadow":true,"line_separator":"border-bottom","top_padding":"pt-s","bottom_padding":"pb-s","visibility":"","show_at_specific_time_of_day":false,"show_time_morning":true,"show_time_afternoon":true,"show_time_evening":true,"show_time_night":true,"heading_tag":"h2"}},"section_tabs_nQBfRX":{"type":"section-tabs","disabled":true,"settings":{"section_tabs":"3","tab1":"Video banner","tab2":"Email signup","tab3":"Image banner","tab4":"","tab_style":"switch","tab_alignment":"center","tab_text_size":"t2","content_max_width":"m","desktop_heading_alignment":"center","mobile_heading_alignment":"center","title":"Make <em>any<\/em> section a tab","italic_convert":"outline","heading_size":"h2","text":"","text_size":"t3","color_scheme":"scheme-2","top_padding":"pt-s","bottom_padding":"pb-s05","heading_tag":"h2"}},"video_banner_T6UejR":{"type":"video-banner","blocks":{"heading_h7MLge":{"type":"heading","settings":{"heading":"Video banner","heading_italic_convert":"","heading_size":"h2","heading_size_custom":2.4,"heading_line_height_custom":1.2,"heading_tag":"h2"}},"text_wfhNMd":{"type":"text","settings":{"text":"<p>With text that can fade in after a few seconds into the video.<\/p>","text_size":"t1"}},"spacer_B9jHiQ":{"type":"spacer","settings":{"show_line_separator":true,"spacing_top":2.4,"spacing_bottom":2.4,"spacer_visibility":"both","line_color":""}},"countdown_Kkik4J":{"type":"countdown","settings":{"end_date":"","end_time":"","end_action":"hide","end_message":"You just missed it!","abbreviate_units":false,"countdown_size":26,"separator":":","countdown_font_weight":"bold","text_alignment":"center","countdown_container":"none","countdown_color":"","countdown_background_color":"#ededed","countdown_background_gradient":""}}},"block_order":["heading_h7MLge","text_wfhNMd","spacer_B9jHiQ","countdown_Kkik4J"],"disabled":true,"settings":{"video_url":"https:\/\/www.youtube.com\/watch?v=_9VUPq3SxOc","show_play_pause":true,"reveal_content_timer":2,"playback_end":"loop","section_ratio":"landscape_wide","desktop_section_height":500,"mobile_section_height":400,"full_width":false,"full_width_animate":false,"desktop_content_position":"md:justify-center md:items-center","mobile_content_position":"justify-center items-center","content_max_width":"xs","desktop_content_alignment":"center","mobile_content_alignment":"center","show_text_box":"off","show_text_below":true,"color_scheme":"scheme-2","container_color_scheme":"scheme-3","color_overlay":"#000000","video_overlay_opacity":56,"line_separator":"","top_padding":"pt-0","bottom_padding":"pb-s","visibility":"","hide_when_empty":false,"show_at_specific_time_of_day":false,"show_time_morning":true,"show_time_afternoon":true,"show_time_evening":true,"show_time_night":true,"lazy_load":true,"heading_tag":"h2","description":"","video_aspect_ratio":"1.77"}},"newsletter_JjUqmd":{"type":"newsletter","blocks":{"heading_bJWyQN":{"type":"heading","settings":{"visibility":"before","heading":"Email signup","heading_italic_convert":"","heading_size":"h3","heading_size_custom":2.4,"heading_line_height_custom":1.2,"heading_tag":"h2"}},"text_MR9izT":{"type":"text","settings":{"visibility":"before","text":"<p>Featuring completely customizable success messages. Check the <strong>Preview successful sign up<\/strong> setting to see what we mean.<\/p>","text_size":"t2"}},"email_form_xrzb7Q":{"type":"email_form","settings":{"visibility":"before"}},"icon_FmTbWh":{"type":"icon","settings":{"visibility":"success","icon":"heart","icon_container":"none","icon_size":3,"icon_color":"#dd1d1d","icon_background_color":"#ededed","background_gradient":""}},"heading_ebQqNg":{"type":"heading","settings":{"visibility":"success","heading":"Thank you!","heading_italic_convert":"","heading_size":"h3","heading_size_custom":2.4,"heading_line_height_custom":1.2,"heading_tag":"h2"}},"text_rtKjNL":{"type":"text","settings":{"visibility":"success","text":"<p>You're signed up to get the all the latest deals from us.<\/p>","text_size":"t1"}},"spacer_tjQycK":{"type":"spacer","settings":{"visibility":"success","show_line_separator":true,"spacing_top":0.2,"spacing_bottom":0.2,"spacer_visibility":"both","line_color":""}},"text_3VCjtt":{"type":"text","settings":{"visibility":"success","text":"<p>In the meantime, here's a 10% off code for your first purchase.<\/p>","text_size":"t3"}},"discount_z7AqD8":{"type":"discount","settings":{"visibility":"success","discount_code":"GET10OFF","text_size":"t3","discount_gated":false,"color_peel_background":"#f57309","color_peel_foreground":"#ffffff"}}},"block_order":["heading_bJWyQN","text_MR9izT","email_form_xrzb7Q","icon_FmTbWh","heading_ebQqNg","text_rtKjNL","spacer_tjQycK","text_3VCjtt","discount_z7AqD8"],"disabled":true,"settings":{"preview_success":false,"show_image":true,"image_overlay_opacity":14,"fix_image":false,"image_ratio":"landscape_wide","desktop_section_height":500,"mobile_section_height":400,"full_width":false,"desktop_content_position":"md:justify-center md:items-center","mobile_content_position":"justify-center items-center","content_max_width":"m","desktop_content_alignment":"center","mobile_content_alignment":"center","show_text_box":"desktop","show_text_below":true,"color_scheme":"scheme-2","container_color_scheme":"scheme-1","line_separator":"","top_padding":"pt-0","bottom_padding":"pb-s","visibility":"","hide_when_empty":false,"show_at_specific_time_of_day":false,"show_time_morning":true,"show_time_afternoon":true,"show_time_evening":true,"show_time_night":true}},"gallery_PUjdjX":{"type":"gallery","blocks":{"gallery_item_trPCNX":{"type":"gallery_item","settings":{"tall":true,"wide":true,"column_alignment":"left","text_vertical_alignment":"justify-end","content_max_width":"l","image_overlay_opacity":0,"icon":"","icon_container":"none","icon_size":3.4,"icon_color":"","icon_background_color":"#ededed","background_gradient":"","title":"Card 1","heading_size":"h3","heading_size_custom":2.4,"text":"<p>These cards can have background images, or you can use the color schemes for full color backgrounds.<\/p>","text_size":"t3","button_text_size":"t5","button_label":"Resizable button","button_link":"\/","button_style":"secondary","button_style_show_arrow":true,"card_link":"","card_color_scheme":"scheme-4"}},"gallery_item_EA3baz":{"type":"gallery_item","settings":{"tall":false,"wide":true,"column_alignment":"left","text_vertical_alignment":"justify-end","content_max_width":"l","image_overlay_opacity":0,"icon":"infinite","icon_container":"none","icon_size":4,"icon_color":"","icon_background_color":"#ededed","background_gradient":"","title":"Card 2","heading_size":"h4","heading_size_custom":2.4,"text":"<p>Cards can go wider or taller and include resizable icons.<\/p>","text_size":"t3","button_text_size":"t3","button_label":"","button_link":"","button_style":"primary","button_style_show_arrow":false,"card_link":"","card_color_scheme":"scheme-4"}},"gallery_item_RUQmDr":{"type":"gallery_item","settings":{"tall":false,"wide":false,"column_alignment":"left","text_vertical_alignment":"justify-end","content_max_width":"l","image_overlay_opacity":0,"icon":"","icon_container":"none","icon_size":3.4,"icon_color":"","icon_background_color":"#ededed","background_gradient":"","title":"Card 3","heading_size":"h4","heading_size_custom":2.4,"text":"<p>Each card can have it's own color scheme.<\/p>","text_size":"t3","button_text_size":"t3","button_label":"","button_link":"","button_style":"primary","button_style_show_arrow":false,"card_link":"","card_color_scheme":"scheme-4"}},"gallery_item_UT8HCJ":{"type":"gallery_item","settings":{"tall":true,"wide":false,"column_alignment":"left","text_vertical_alignment":"justify-end","content_max_width":"l","image_overlay_opacity":0,"icon":"","icon_container":"none","icon_size":3.4,"icon_color":"","icon_background_color":"#ededed","background_gradient":"","title":"Card 4","heading_size":"h4","heading_size_custom":2.4,"text":"<p>Each card can also be a full link.<\/p>","text_size":"t3","button_text_size":"t3","button_label":"","button_link":"","button_style":"primary","button_style_show_arrow":false,"card_link":"\/","card_color_scheme":"scheme-4"}},"gallery_item_nBMnbk":{"type":"gallery_item","settings":{"tall":false,"wide":false,"column_alignment":"left","text_vertical_alignment":"justify-end","content_max_width":"l","image_overlay_opacity":0,"icon":"chat_bubbles","icon_container":"none","icon_size":4,"icon_color":"","icon_background_color":"#ededed","background_gradient":"","title":"Card 5","heading_size":"h3","heading_size_custom":2.4,"text":"","text_size":"t3","button_text_size":"t3","button_label":"","button_link":"","button_style":"primary","button_style_show_arrow":false,"card_link":"","card_color_scheme":"scheme-4"}},"gallery_item_grGyKg":{"type":"gallery_item","settings":{"tall":false,"wide":true,"column_alignment":"left","text_vertical_alignment":"justify-end","content_max_width":"l","image_overlay_opacity":0,"icon":"videocam","icon_container":"none","icon_size":4,"icon_color":"","icon_background_color":"#ededed","background_gradient":"","title":"Card 6","heading_size":"h3","heading_size_custom":2.4,"text":"","text_size":"t3","button_text_size":"t3","button_label":"","button_link":"","button_style":"primary","button_style_show_arrow":false,"card_link":"","card_color_scheme":"scheme-4"}}},"block_order":["gallery_item_trPCNX","gallery_item_EA3baz","gallery_item_RUQmDr","gallery_item_UT8HCJ","gallery_item_nBMnbk","gallery_item_grGyKg"],"disabled":true,"settings":{"columns_desktop":4,"spacing_grid":8,"spacing_grid_mobile":16,"corner_rounding":"outer","content_padding":3.4,"desktop_section_height":220,"mobile_section_height":220,"mobile_layout":"carousel","full_width":false,"content_max_width":"m","desktop_heading_alignment":"left","mobile_heading_alignment":"left","title":"Flexible gallery","italic_convert":"","heading_size":"h2","text":"<p>With a variety of layout options, buttons and icons.<\/p>","text_size":"t1","view_all_link":"","view_all_text":"","view_all_text_size":"t3","section_color_scheme":"","line_separator":"border-top","top_padding":"pt-s","bottom_padding":"pb-s","visibility":"","hide_when_empty":false,"show_at_specific_time_of_day":false,"show_time_morning":true,"show_time_afternoon":true,"show_time_evening":true,"show_time_night":true}},"stats_AhFJcf":{"type":"stats","blocks":{"column_standard_4BXcEh":{"type":"column_standard","settings":{"stat_caption":"Over","stat_number":"142k","title":"products sold","heading_size":"h4","stat_color":"#f1b726","stat_text_gradient":"linear-gradient(276deg, rgba(255, 228, 49, 1), rgba(249, 149, 32, 1) 59%)","icon":"","icon_container":"none","icon_size":3.4,"icon_color":"","icon_background_color":"#ededed","background_gradient":"","text":"","text_size":"t3","image_ratio":"adapt","image_width":100,"image_position":"below_text","button_text_size":"t3","button_label":"","button_link":"","button_style":"primary","button_style_show_arrow":false,"card_link":"","card_color_scheme":"scheme-2","color_scheme_bg_fix":false}},"column_standard_Y8eq4t":{"type":"column_standard","settings":{"stat_caption":"With","stat_number":"95%","title":"positive reviews","heading_size":"h4","stat_color":"#e937d6","stat_text_gradient":"linear-gradient(238deg, rgba(249, 119, 255, 1) 8%, rgba(186, 54, 255, 1) 69%)","icon":"","icon_container":"none","icon_size":3.4,"icon_color":"","icon_background_color":"#ededed","background_gradient":"","text":"","text_size":"t3","image_ratio":"adapt","image_width":100,"image_position":"below_text","button_text_size":"t3","button_label":"","button_link":"","button_style":"primary","button_style_show_arrow":false,"card_link":"","card_color_scheme":"scheme-2","color_scheme_bg_fix":false}},"column_standard_yVfiA3":{"type":"column_standard","settings":{"stat_caption":"Selling in","stat_number":"12","title":"territories","heading_size":"h4","stat_color":"#00ffff","stat_text_gradient":"linear-gradient(106deg, rgba(87, 247, 255, 1) 6%, rgba(33, 249, 239, 1) 68%)","icon":"","icon_container":"none","icon_size":3.4,"icon_color":"","icon_background_color":"#ededed","background_gradient":"","text":"","text_size":"t3","image_ratio":"adapt","image_width":100,"image_position":"below_text","button_text_size":"t3","button_label":"","button_link":"","button_style":"primary","button_style_show_arrow":false,"card_link":"","card_color_scheme":"scheme-2","color_scheme_bg_fix":false}}},"block_order":["column_standard_4BXcEh","column_standard_Y8eq4t","column_standard_yVfiA3"],"disabled":true,"settings":{"stat_animate":true,"stat_caption_style":"caption-with-letter-spacing","stat_style":"text-body","heading_style":"text-body","stat_size":"custom","stat_size_custom":5,"desktop_section_height":210,"mobile_section_height":0,"column_alignment":"center","text_vertical_alignment":"justify-center","spacing_grid":28,"content_padding":2,"columns_desktop":3,"columns_desktop_scale":true,"full_width_section":true,"image_overlay_opacity":0,"content_max_width":"m","desktop_heading_alignment":"center","mobile_heading_alignment":"center","title":"Animated stats","italic_convert":"","heading_size":"h2","text":"<p>For building trust and providing reassurance.<\/p>","text_size":"t1","view_all_link":"","view_all_text":"","view_all_text_size":"t3","color_scheme":"scheme-2","card_shadow":false,"line_separator":"border-top border-bottom","top_padding":"pt-s","bottom_padding":"pb-s","visibility":"","hide_when_empty":false,"show_at_specific_time_of_day":false,"show_time_morning":true,"show_time_afternoon":true,"show_time_evening":true,"show_time_night":true,"heading_tag":"h2"}},"featured_blog_8M4F9h":{"type":"featured-blog","disabled":true,"settings":{"blog":"","posts_to_show":8,"show_image":true,"show_date":true,"show_author":false,"show_reading_estimate":true,"show_first_tag":true,"excerpt_mode":"short","blog_card_featured":"","featured_excerpt_mode":"short","desktop_layout":"carousel","mobile_layout":"carousel","columns_desktop":"4","full_width":false,"content_max_width":"xs","desktop_heading_alignment":"left","mobile_heading_alignment":"left","title":"Blog","italic_convert":"","heading_size":"h2","text":"<p>Insightful articles, get tips and read the latest news related to our industry.<\/p>","text_size":"t1","show_view_all_link":true,"view_all_text":"View more","view_all_text_size":"t3","view_all_card_visibility":"","view_all_card_text":"Keep reading","color_scheme":"","view_all_color_scheme":"","line_separator":"border-top","top_padding":"pt-s","bottom_padding":"pb-s","visibility":"","hide_when_empty":false,"show_at_specific_time_of_day":false,"show_time_morning":true,"show_time_afternoon":true,"show_time_evening":true,"show_time_night":true,"heading_tag":"h2"}},"image_banner_xVnDAJ":{"type":"image-banner","blocks":{"heading_U3nTdn":{"type":"heading","settings":{"heading":"Image banner","heading_italic_convert":"","heading_size":"h3","heading_size_custom":2.4,"heading_line_height_custom":1.2,"heading_tag":"h2"}},"text_zmMcrX":{"type":"text","settings":{"text":"<p>Share information about your brand with your customers. Describe a product, make announcements, or welcome customers to your store.<\/p>","text_size":"t3"}},"spacer_jGEFpM":{"type":"spacer","settings":{"show_line_separator":true,"spacing_top":2.4,"spacing_bottom":2.4,"spacer_visibility":"both","line_color":""}},"stat_czzjJA":{"type":"stat","settings":{"stat_caption":"Over","stat_number":"123k","stat_subheading":"<p>products sold<\/p>","stat_animate":true,"stat_caption_style":"caption-with-letter-spacing","stat_style":"text-body","stat_size":"h0","stat_size_custom":2.4,"stat_color":"","stat_text_gradient":""}}},"block_order":["heading_U3nTdn","text_zmMcrX","spacer_jGEFpM","stat_czzjJA"],"disabled":true,"settings":{"image_overlay_opacity":0,"image_link":"","fix_image":false,"skew_images":true,"stack_images_on_mobile":true,"image_ratio":"landscape_wide","desktop_section_height":500,"mobile_section_height":400,"full_width":true,"full_width_animate":true,"desktop_content_position":"md:justify-center md:items-center","mobile_content_position":"justify-center items-center","content_max_width":"s","desktop_content_alignment":"center","mobile_content_alignment":"center","show_text_box":"desktop","show_text_below":true,"color_scheme":"","container_color_scheme":"","line_separator":"","top_padding":"pt-s05","bottom_padding":"pb-s","visibility":"","hide_when_empty":false,"show_at_specific_time_of_day":false,"show_time_morning":true,"show_time_afternoon":true,"show_time_evening":true,"show_time_night":true}},"image_with_collapsible_content_4CbFNG":{"type":"image-with-collapsible-content","blocks":{"collapsible_row_XyMXTq":{"type":"collapsible_row","settings":{"heading":"First image","icon":"shirt2","image_width":20,"row_heading_tag":"h3","row_content":"<p>This section can be great to showcase products, individual product features, collections, promotions and just about anything else. If it's set to open one row at a time, consider keeping the content in each row about the same length.<\/p>","page":"","button_text_size":"t3","button_label_1":"","button_link_1":"\/","button_style_1":"primary","button_style_1_show_arrow":false}},"collapsible_row_bFqqpU":{"type":"collapsible_row","settings":{"heading":"Second image","icon":"washing","image_width":20,"row_heading_tag":"h3","row_content":"<p>This section can be great to showcase products, individual product features, collections, promotions and just about anything else. If it's set to open one row at a time, consider keeping the content in each row about the same length.<\/p>","page":"","button_text_size":"t3","button_label_1":"","button_link_1":"\/","button_style_1":"primary","button_style_1_show_arrow":false}},"collapsible_row_ARzqkA":{"type":"collapsible_row","settings":{"heading":"Third image","icon":"pants","image_width":20,"row_heading_tag":"h3","row_content":"<p>This section can be great to showcase products, individual product features, collections, promotions and just about anything else. If it's set to open one row at a time, consider keeping the content in each row about the same length.<\/p>","page":"","button_text_size":"t3","button_label_1":"","button_link_1":"\/","button_style_1":"primary","button_style_1_show_arrow":false}},"collapsible_row_zt9YaE":{"type":"collapsible_row","settings":{"heading":"Fourth image","icon":"recycle","image_width":20,"row_heading_tag":"h3","row_content":"<p>This section can be great to showcase products, individual product features, collections, promotions and just about anything else. If it's set to open one row at a time, consider keeping the content in each row about the same length.<\/p>","page":"","button_text_size":"t3","button_label_1":"","button_link_1":"\/","button_style_1":"primary","button_style_1_show_arrow":false}}},"block_order":["collapsible_row_XyMXTq","collapsible_row_bFqqpU","collapsible_row_ARzqkA","collapsible_row_zt9YaE"],"disabled":true,"settings":{"show_line_separator":true,"row_heading_size":"t1","row_text_size":"t3","image_overlay_opacity":0,"desktop_section_height":500,"mobile_section_height":280,"desktop_media_width":40,"layout":"text_first","content_layout":"no-overlap-separate","show_header_beside":false,"content_max_width":"m","desktop_heading_alignment":"left","mobile_heading_alignment":"left","desktop_content_position":"md:justify-start md:items-end","mobile_content_position":"justify-center items-center","title":"Image with <em>collapsed<\/em> rows","italic_convert":"light","heading_size":"h2","text":"<p>A great way to showcase images one at a time for added impact.<\/p>","text_size":"t1","button_label":"","button_link":"","button_style":"link","button_text_size":"t3","button_style_show_arrow":true,"section_color_scheme":"","color_scheme":"","image_overlay_color_scheme":"","show_content_shadow":true,"line_separator":"","top_padding":"pt-s05","bottom_padding":"pb-s","heading_tag":"h3","visibility":"","hide_when_empty":false,"show_at_specific_time_of_day":false,"show_time_morning":true,"show_time_afternoon":true,"show_time_evening":true,"show_time_night":true}},"scrolling_text_VLeRei":{"type":"scrolling-text","blocks":{"icon_UXkJeW":{"type":"icon","settings":{"icon":"battery_charging","icon_container":"none","icon_size":7.8,"icon_color":"","icon_background_color":"#ededed","background_gradient":""}},"icon_bCibAX":{"type":"icon","settings":{"icon":"scissors","icon_container":"none","icon_size":7.8,"icon_color":"","icon_background_color":"#ededed","background_gradient":""}},"icon_Gg3QUH":{"type":"icon","settings":{"icon":"bulb","icon_container":"none","icon_size":7.8,"icon_color":"","icon_background_color":"#ededed","background_gradient":""}},"icon_XLjfYB":{"type":"icon","settings":{"icon":"camera","icon_container":"none","icon_size":7.8,"icon_color":"","icon_background_color":"#ededed","background_gradient":""}},"heading_X7cqXD":{"type":"heading","settings":{"heading":"<em>Over 200 icons<\/em>","heading_italic_convert":"glow","heading_size":"h2","heading_size_custom":2.4,"heading_line_height_custom":1.2,"heading_tag":"h2"}},"icon_gki4Jw":{"type":"icon","settings":{"icon":"speedometer","icon_container":"none","icon_size":7.8,"icon_color":"","icon_background_color":"#ededed","background_gradient":""}},"icon_6DDbEf":{"type":"icon","settings":{"icon":"shield_checkmark","icon_container":"none","icon_size":7.8,"icon_color":"","icon_background_color":"#ededed","background_gradient":""}},"icon_Dq8VHn":{"type":"icon","settings":{"icon":"truck","icon_container":"none","icon_size":7.8,"icon_color":"","icon_background_color":"#ededed","background_gradient":""}},"icon_YRDfrc":{"type":"icon","settings":{"icon":"cash","icon_container":"none","icon_size":7.8,"icon_color":"","icon_background_color":"#ededed","background_gradient":""}},"icon_nmpP3p":{"type":"icon","settings":{"icon":"price_tags","icon_container":"none","icon_size":7.8,"icon_color":"","icon_background_color":"#ededed","background_gradient":""}},"icon_MLyRGg":{"type":"icon","settings":{"icon":"game_controller","icon_container":"none","icon_size":7.8,"icon_color":"","icon_background_color":"#ededed","background_gradient":""}},"icon_wUhPgE":{"type":"icon","settings":{"icon":"bicycle","icon_container":"none","icon_size":7.8,"icon_color":"","icon_background_color":"#ededed","background_gradient":""}},"icon_gwU9f6":{"type":"icon","settings":{"icon":"person","icon_container":"none","icon_size":7.8,"icon_color":"","icon_background_color":"#ededed","background_gradient":""}},"icon_n8Tep7":{"type":"icon","settings":{"icon":"build","icon_container":"none","icon_size":7.8,"icon_color":"","icon_background_color":"#ededed","background_gradient":""}},"heading_9gbA6t":{"type":"heading","settings":{"heading":"<em>Over 200 icons<\/em>","heading_italic_convert":"glow","heading_size":"h2","heading_size_custom":2.4,"heading_line_height_custom":1.2,"heading_tag":"h2"}},"icon_rwJzQp":{"type":"icon","settings":{"icon":"battery_half","icon_container":"none","icon_size":7.8,"icon_color":"","icon_background_color":"#ededed","background_gradient":""}},"icon_7hMxhK":{"type":"icon","settings":{"icon":"headset","icon_container":"none","icon_size":7.8,"icon_color":"","icon_background_color":"#ededed","background_gradient":""}},"icon_PB3XnH":{"type":"icon","settings":{"icon":"construction","icon_container":"none","icon_size":7.8,"icon_color":"","icon_background_color":"#ededed","background_gradient":""}},"icon_DJTUKt":{"type":"icon","settings":{"icon":"beer","icon_container":"none","icon_size":7.8,"icon_color":"","icon_background_color":"#ededed","background_gradient":""}},"icon_Ghj8Tn":{"type":"icon","settings":{"icon":"shirt2","icon_container":"none","icon_size":7.8,"icon_color":"","icon_background_color":"#ededed","background_gradient":""}}},"block_order":["icon_UXkJeW","icon_bCibAX","icon_Gg3QUH","icon_XLjfYB","heading_X7cqXD","icon_gki4Jw","icon_6DDbEf","icon_Dq8VHn","icon_YRDfrc","icon_nmpP3p","icon_MLyRGg","icon_wUhPgE","icon_gwU9f6","icon_n8Tep7","heading_9gbA6t","icon_rwJzQp","icon_7hMxhK","icon_PB3XnH","icon_DJTUKt","icon_Ghj8Tn"],"disabled":true,"settings":{"full_width":true,"spacing":5.8,"gap":3,"speed":18,"direction":"normal","pause_on_hover":true,"color_scheme":"","top_padding":"pt-s05","bottom_padding":"pb-s05","visibility":"","hide_when_empty":false,"show_at_specific_time_of_day":false,"show_time_morning":true,"show_time_afternoon":true,"show_time_evening":true,"show_time_night":true}},"testimonials_UCrJ6F":{"type":"testimonials","blocks":{"column_standard_aAQejg":{"type":"column_standard","settings":{"image_ratio":"adapt","image_width":100,"rating_stars":5,"title":"","heading_tag":"h3","text":"<p>Gary, Debbie and the company have been EXTREMELY helpful over the phone with orders, parts, and expertise. Super friendly and genuine people. They are the reason these old jewels are on the road again today. I will always go to Roberts Motor Parts for business, and I hope you do too.<\/p>","author_name":"Noah Huls","author_caption":"Customer","card_link":"","card_color_scheme":"","color_scheme_bg_fix":false}},"column_standard_BmYAUK":{"type":"column_standard","settings":{"image_ratio":"adapt","image_width":100,"rating_stars":5,"title":"","heading_tag":"h3","text":"<p>Outstanding service. These guys are efficient, pleasant, courteous and will take the time needed to make sure I get the right part delivered to the right address in a timely fashion. They even read and respond to emails.<\/p>","author_name":"Scott Steibel","author_caption":"Customer","card_link":"","card_color_scheme":"","color_scheme_bg_fix":false}},"column_standard_GHUCdj":{"type":"column_standard","settings":{"image_ratio":"adapt","image_width":100,"rating_stars":5,"title":"","heading_tag":"h3","text":"<p>Quality parts, very knowledgeable on antique\/vintage Dodge and parts, fast delivery. I have been doing business with them 23 years do yourself a favor give them a ring.<\/p>","author_name":"William Leonard","author_caption":"Customer","card_link":"","card_color_scheme":"","color_scheme_bg_fix":false}}},"block_order":["column_standard_aAQejg","column_standard_BmYAUK","column_standard_GHUCdj"],"settings":{"review_style":"star","rating_size":3,"heading_style":"text-body","card_heading_size":"t0","card_text_size":"t3","author_line":true,"desktop_section_height":200,"mobile_section_height":200,"column_alignment":"left","text_vertical_alignment":"justify-start","content_padding":4,"desktop_layout":"grid","mobile_layout":"carousel","columns_desktop":"3","columns_desktop_scale":false,"full_width":false,"image_overlay_opacity":0,"content_max_width":"m","desktop_heading_alignment":"center","mobile_heading_alignment":"left","title":"Why choose us?","italic_convert":"","heading_size":"h2","text":"<p>Over 40 years experience.<\/p>","text_size":"t1","view_all_link":"","view_all_text":"","view_all_text_size":"t3","color_scheme":"scheme-1","star_color":"#f5e121","card_shadow":true,"line_separator":"","top_padding":"pt-s05","bottom_padding":"pb-s05","visibility":"","hide_when_empty":false,"show_at_specific_time_of_day":false,"show_time_morning":true,"show_time_afternoon":true,"show_time_evening":true,"show_time_night":true,"heading_tag":"h2"}},"collapsible_content_zUAt9h":{"type":"collapsible-content","blocks":{"collapsible_row_eaamgk":{"type":"collapsible_row","settings":{"row_open":true,"heading":"Collapsible row","icon":"heart","image_width":20,"row_heading_tag":"h3","row_content":"<p>Add your collapsible row content here. If it's set to open one row at a time, consider keeping the content in each row about the same length.<\/p>","page":"","content_embed":"","button_text_size":"t3","button_label_1":"","button_link_1":"\/","button_style_1":"primary","button_style_1_show_arrow":false}},"collapsible_row_DckphP":{"type":"collapsible_row","settings":{"row_open":false,"heading":"Collapsible row","icon":"leaf","image_width":20,"row_heading_tag":"h3","row_content":"<p>Add your collapsible row content here. If it's set to open one row at a time, consider keeping the content in each row about the same length.<\/p>","page":"","content_embed":"","button_text_size":"t3","button_label_1":"","button_link_1":"\/","button_style_1":"primary","button_style_1_show_arrow":false}},"collapsible_row_CXFFzd":{"type":"collapsible_row","settings":{"row_open":false,"heading":"Collapsible row","icon":"pants","image_width":20,"row_heading_tag":"h3","row_content":"<p>Add your collapsible row content here. If it's set to open one row at a time, consider keeping the content in each row about the same length.<\/p>","page":"","content_embed":"","button_text_size":"t3","button_label_1":"","button_link_1":"\/","button_style_1":"primary","button_style_1_show_arrow":false}},"collapsible_row_H79iKg":{"type":"collapsible_row","settings":{"row_open":false,"heading":"Collapsible row","icon":"recycle","image_width":20,"row_heading_tag":"h3","row_content":"<p>Add your collapsible row content here. If it's set to open one row at a time, consider keeping the content in each row about the same length.<\/p>","page":"","content_embed":"","button_text_size":"t3","button_label_1":"","button_link_1":"\/","button_style_1":"primary","button_style_1_show_arrow":false}},"text_aTk8RT":{"type":"text","settings":{"text":"<p>Still got a question? <a href=\"#\" title=\"#\">Get in touch<\/a><\/p>","text_size":"t5"}}},"block_order":["collapsible_row_eaamgk","collapsible_row_DckphP","collapsible_row_CXFFzd","collapsible_row_H79iKg","text_aTk8RT"],"disabled":true,"settings":{"one_row_at_a_time":true,"show_line_separator":true,"row_heading_size":"t2","row_text_size":"t4","show_header_beside":true,"desktop_media_width":40,"layout":"media_first","show_search_box":true,"content_max_width":"l","desktop_heading_alignment":"left","mobile_heading_alignment":"left","title":"Got a question?","italic_convert":"","heading_size":"h3","text":"<p>Answer common questions with the collapsible content section.<\/p>","text_size":"t3","button_label":"","button_link":"","button_style":"secondary","button_text_size":"t5","button_style_show_arrow":true,"section_color_scheme":"","color_scheme":"","show_content_shadow":true,"line_separator":"","top_padding":"pt-0","bottom_padding":"pb-s","heading_tag":"h3","render_schema":false,"visibility":"","hide_when_empty":false,"show_at_specific_time_of_day":false,"show_time_morning":true,"show_time_afternoon":true,"show_time_evening":true,"show_time_night":true}},"gallery_9XYaNx":{"type":"gallery","blocks":{"gallery_item_AKC9id":{"type":"gallery_item","settings":{"tall":true,"wide":false,"column_alignment":"left","text_vertical_alignment":"justify-end","content_max_width":"l","image_overlay_opacity":0,"icon":"logo_instagram","icon_container":"none","icon_size":3.4,"icon_color":"","icon_background_color":"#ededed","background_gradient":"","title":"A featured post from one our social platforms","heading_size":"h5","heading_size_custom":2.4,"text":"<p>SEPTEMBER 27th<\/p>","text_size":"t6","button_text_size":"t3","button_label":"","button_link":"","button_style":"primary","button_style_show_arrow":false,"card_link":"","card_color_scheme":"scheme-1"}},"gallery_item_pwN4WU":{"type":"gallery_item","settings":{"tall":true,"wide":true,"column_alignment":"center","text_vertical_alignment":"justify-center","content_max_width":"xs","image_overlay_opacity":18,"icon":"logo_tiktok","icon_container":"none","icon_size":3.4,"icon_color":"","icon_background_color":"#ededed","background_gradient":"","title":"A large featured post from one our social platforms","heading_size":"h2","heading_size_custom":2.4,"text":"<p>OCTOBER 9th<\/p>","text_size":"t4","button_text_size":"t3","button_label":"","button_link":"","button_style":"primary","button_style_show_arrow":false,"card_link":"","card_color_scheme":"scheme-2"}},"gallery_item_nJG3z8":{"type":"gallery_item","settings":{"tall":false,"wide":false,"column_alignment":"left","text_vertical_alignment":"justify-start","content_max_width":"xxs","image_overlay_opacity":26,"icon":"logo_facebook","icon_container":"none","icon_size":3.4,"icon_color":"","icon_background_color":"#ededed","background_gradient":"","title":"A featured post from one our social platforms","heading_size":"h5","heading_size_custom":2.4,"text":"<p>SEPTEMBER 1ST<\/p>","text_size":"t6","button_text_size":"t3","button_label":"","button_link":"","button_style":"primary","button_style_show_arrow":false,"card_link":"","card_color_scheme":"scheme-1"}},"gallery_item_MDjjXX":{"type":"gallery_item","settings":{"tall":true,"wide":false,"column_alignment":"left","text_vertical_alignment":"justify-end","content_max_width":"xxs","image_overlay_opacity":10,"icon":"logo_discord","icon_container":"none","icon_size":3.4,"icon_color":"","icon_background_color":"#ededed","background_gradient":"","title":"A featured post from one our social platforms","heading_size":"h5","heading_size_custom":2.4,"text":"<p>AUGUST 25th<\/p>","text_size":"t6","button_text_size":"t3","button_label":"","button_link":"","button_style":"primary","button_style_show_arrow":false,"card_link":"","card_color_scheme":"scheme-2"}},"gallery_item_kDjxNd":{"type":"gallery_item","settings":{"tall":false,"wide":true,"column_alignment":"left","text_vertical_alignment":"justify-start","content_max_width":"xs","image_overlay_opacity":14,"icon":"logo_twitch","icon_container":"none","icon_size":3.4,"icon_color":"","icon_background_color":"#ededed","background_gradient":"","title":"A featured post from one our social platforms","heading_size":"h5","heading_size_custom":2.4,"text":"<p>MAY 22ND<\/p>","text_size":"t6","button_text_size":"t3","button_label":"","button_link":"","button_style":"primary","button_style_show_arrow":false,"card_link":"","card_color_scheme":"scheme-2"}},"gallery_item_iHmdCi":{"type":"gallery_item","settings":{"tall":false,"wide":false,"column_alignment":"left","text_vertical_alignment":"justify-end","content_max_width":"xxs","image_overlay_opacity":10,"icon":"logo_pinterest","icon_container":"none","icon_size":3.4,"icon_color":"","icon_background_color":"#ededed","background_gradient":"","title":"A featured post from one our social platforms","heading_size":"h5","heading_size_custom":2.4,"text":"<p>DECEMBER 20TH<\/p>","text_size":"t6","button_text_size":"t3","button_label":"","button_link":"","button_style":"primary","button_style_show_arrow":false,"card_link":"","card_color_scheme":"scheme-1"}}},"block_order":["gallery_item_AKC9id","gallery_item_pwN4WU","gallery_item_nJG3z8","gallery_item_MDjjXX","gallery_item_kDjxNd","gallery_item_iHmdCi"],"disabled":true,"settings":{"columns_desktop":4,"spacing_grid":7,"spacing_grid_mobile":8,"corner_rounding":"inner","content_padding":3.8,"desktop_section_height":180,"mobile_section_height":310,"mobile_layout":"carousel","full_width":false,"content_max_width":"m","desktop_heading_alignment":"center","mobile_heading_alignment":"left","title":"<em>@you<\/em>","italic_convert":"glow","heading_size":"h0","text":"<p>The latest and greatest from your socials.<\/p>","text_size":"t1","view_all_link":"","view_all_text":"","view_all_text_size":"t3","section_color_scheme":"scheme-4","line_separator":"","top_padding":"pt-s","bottom_padding":"pb-s","visibility":"","hide_when_empty":false,"show_at_specific_time_of_day":false,"show_time_morning":true,"show_time_afternoon":true,"show_time_evening":true,"show_time_night":true}}},"order":["17597687056b11ab78","icons_with_text_A8P3h4","17562977555578eb8c","quick_filter_XTFBQD","slideshow","rich_text_EeaxFY","collection_list_9pHBkC","collection_list_AtbY96","multicolumn_MkC9aa","featured_collection_GQEYiP","ribbon_banner_JefMbE","product_compare_aKxFYH","section_tabs_nQBfRX","video_banner_T6UejR","newsletter_JjUqmd","gallery_PUjdjX","stats_AhFJcf","featured_blog_8M4F9h","image_banner_xVnDAJ","image_with_collapsible_content_4CbFNG","scrolling_text_VLeRei","testimonials_UCrJ6F","collapsible_content_zUAt9h","gallery_9XYaNx"]}