{
  "sections": {
    "breadcrumbs": {
      "type": "breadcrumbs",
      "settings": {
        "spacing": 0,
        "color_scheme": "scheme-9cb2c7d3-d6f4-4138-ae61-677ffcfa950c",
        "line_separator": "border-bottom",
        "visibility": ""
      }
    },
    "main": {
      "type": "main-page",
      "disabled": true,
      "settings": {
        "page_width": "narrow",
        "content_max_width": "xl",
        "custom_page_header": true,
        "title": "Select your make",
        "italic_convert": "",
        "heading_size": "h1",
        "show_view_all_link": true,
        "view_all_link": "shopify:\/\/pages\/contact",
        "view_all_text": "Can't see it? Let us know",
        "view_all_text_size": "t4",
        "color_scheme": "",
        "heading_tag": "h1"
      }
    },
    "rich_text_3nzik9": {
      "type": "rich-text",
      "blocks": {
        "heading_Kbp68T": {
          "type": "heading",
          "settings": {
            "heading": "Select a car make",
            "heading_italic_convert": "",
            "heading_size": "h1",
            "heading_size_custom": 2.4,
            "heading_line_height_custom": 1.2,
            "heading_tag": "h1"
          }
        },
        "spacer_N9mkCn": {
          "type": "spacer",
          "settings": {
            "show_line_separator": false,
            "spacing_top": 1.5,
            "spacing_bottom": 1,
            "spacer_visibility": "both",
            "line_color": ""
          }
        },
        "buttons_yCynxa": {
          "type": "buttons",
          "settings": {
            "button_text_size": "t6",
            "button_label_1": "Can't see it? Let us know",
            "button_link_1": "shopify:\/\/pages\/contact",
            "button_style_1": "secondary",
            "button_style_1_show_arrow": true,
            "button_label_2": "",
            "button_link_2": "",
            "button_style_2": "secondary",
            "button_style_2_show_arrow": false
          }
        }
      },
      "block_order": [
        "heading_Kbp68T",
        "spacer_N9mkCn",
        "buttons_yCynxa"
      ],
      "settings": {
        "desktop_content_position": "center",
        "content_max_width": "m",
        "desktop_content_alignment": "center",
        "mobile_content_alignment": "left",
        "section_color_scheme": "",
        "container_color_scheme": "",
        "show_content_shadow": false,
        "line_separator": "",
        "top_padding": "pt-s",
        "bottom_padding": "pb-s05",
        "visibility": "",
        "hide_when_empty": false
      }
    },
    "multicolumn_DyRrfE": {
      "type": "multicolumn",
      "blocks": {
        "column_standard_JQ4CF6": {
          "type": "column_standard",
          "settings": {
            "column_alignment": "center",
            "text_vertical_alignment": "justify-center",
            "content_padding": 2.8,
            "image": "shopify:\/\/shop_images\/bmv_5df9b05f-d8fd-419d-9755-d7cf3a2d45be.png",
            "image_ratio": "adapt",
            "image_width": 100,
            "image_position": "top",
            "icon": "",
            "icon_container": "none",
            "icon_size": 3.4,
            "icon_color": "",
            "icon_background_color": "#ededed",
            "background_gradient": "",
            "title": "BMV",
            "heading_size": "h4",
            "heading_size_custom": 2.4,
            "text": "",
            "text_size": "t3",
            "button_text_size": "t3",
            "button_label": "",
            "button_link": "",
            "button_style": "primary",
            "button_style_show_arrow": false,
            "card_link": "shopify:\/\/collections\/bmv",
            "card_color_scheme": "scheme-2",
            "color_scheme_bg_fix": false
          }
        },
        "column_standard_aiagxb": {
          "type": "column_standard",
          "settings": {
            "column_alignment": "center",
            "text_vertical_alignment": "justify-center",
            "content_padding": 2.8,
            "image": "shopify:\/\/shop_images\/volksmotors_5a3c0d1e-afa4-4016-bb92-ea08e5c585c4.png",
            "image_ratio": "adapt",
            "image_width": 100,
            "image_position": "top",
            "icon": "",
            "icon_container": "none",
            "icon_size": 3.4,
            "icon_color": "",
            "icon_background_color": "#ededed",
            "background_gradient": "",
            "title": "VOLKSMOTORS",
            "heading_size": "h4",
            "heading_size_custom": 2.4,
            "text": "",
            "text_size": "t3",
            "button_text_size": "t3",
            "button_label": "",
            "button_link": "",
            "button_style": "primary",
            "button_style_show_arrow": false,
            "card_link": "shopify:\/\/collections\/volksmotors",
            "card_color_scheme": "scheme-2",
            "color_scheme_bg_fix": false
          }
        },
        "column_standard_fMxwNL": {
          "type": "column_standard",
          "settings": {
            "column_alignment": "center",
            "text_vertical_alignment": "justify-center",
            "content_padding": 2.8,
            "image": "shopify:\/\/shop_images\/audil_61811cd2-af7f-42d3-b412-64eac72b472e.png",
            "image_ratio": "adapt",
            "image_width": 100,
            "image_position": "top",
            "icon": "",
            "icon_container": "none",
            "icon_size": 3.4,
            "icon_color": "",
            "icon_background_color": "#ededed",
            "background_gradient": "",
            "title": "AUDIL",
            "heading_size": "h4",
            "heading_size_custom": 2.4,
            "text": "",
            "text_size": "t3",
            "button_text_size": "t3",
            "button_label": "",
            "button_link": "",
            "button_style": "primary",
            "button_style_show_arrow": false,
            "card_link": "shopify:\/\/collections\/audil",
            "card_color_scheme": "scheme-2",
            "color_scheme_bg_fix": false
          }
        },
        "column_standard_FLBjEP": {
          "type": "column_standard",
          "settings": {
            "column_alignment": "center",
            "text_vertical_alignment": "justify-center",
            "content_padding": 2.8,
            "image": "shopify:\/\/shop_images\/mino_c4cc7419-71d9-49a5-8bc6-28ad4ab232a8.png",
            "image_ratio": "adapt",
            "image_width": 100,
            "image_position": "top",
            "icon": "",
            "icon_container": "none",
            "icon_size": 3.4,
            "icon_color": "",
            "icon_background_color": "#ededed",
            "background_gradient": "",
            "title": "MINO",
            "heading_size": "h4",
            "heading_size_custom": 2.4,
            "text": "",
            "text_size": "t3",
            "button_text_size": "t3",
            "button_label": "",
            "button_link": "",
            "button_style": "primary",
            "button_style_show_arrow": false,
            "card_link": "shopify:\/\/collections\/mino",
            "card_color_scheme": "scheme-2",
            "color_scheme_bg_fix": false
          }
        }
      },
      "block_order": [
        "column_standard_JQ4CF6",
        "column_standard_aiagxb",
        "column_standard_fMxwNL",
        "column_standard_FLBjEP"
      ],
      "settings": {
        "icon_bottom": false,
        "desktop_section_height": 200,
        "mobile_section_height": 200,
        "desktop_layout": "grid",
        "mobile_layout": "carousel",
        "columns_desktop": "4",
        "columns_desktop_scale": false,
        "columns_mobile": "1",
        "image_overlay_opacity": 0,
        "content_max_width": "m",
        "desktop_heading_alignment": "left",
        "mobile_heading_alignment": "left",
        "title": "",
        "italic_convert": "",
        "heading_size": "h2",
        "text": "",
        "text_size": "t3",
        "view_all_link": "",
        "view_all_text": "",
        "view_all_text_size": "t3",
        "color_scheme": "scheme-1",
        "card_shadow": true,
        "line_separator": "",
        "top_padding": "pt-s05",
        "bottom_padding": "pb-0",
        "visibility": "",
        "hide_when_empty": false,
        "heading_tag": "h2"
      }
    },
    "rich_text_zxxAGk": {
      "type": "rich-text",
      "blocks": {
        "heading_V4DYeA": {
          "type": "heading",
          "settings": {
            "heading": "<em>or<\/em>",
            "heading_italic_convert": "light",
            "heading_size": "h4",
            "heading_size_custom": 2.4,
            "heading_line_height_custom": 1.2,
            "heading_tag": "h2"
          }
        }
      },
      "block_order": [
        "heading_V4DYeA"
      ],
      "settings": {
        "desktop_content_position": "center",
        "content_max_width": "m",
        "desktop_content_alignment": "center",
        "mobile_content_alignment": "center",
        "section_color_scheme": "",
        "container_color_scheme": "",
        "show_content_shadow": false,
        "line_separator": "",
        "top_padding": "pt-s05",
        "bottom_padding": "pb-0",
        "visibility": "",
        "hide_when_empty": false
      }
    },
    "rich_text_LKRaLV": {
      "type": "rich-text",
      "blocks": {
        "caption_L6Mi6V": {
          "type": "caption",
          "disabled": true,
          "settings": {
            "caption": "OR",
            "caption_text_style": "caption-with-letter-spacing",
            "caption_text_size": "t5"
          }
        },
        "heading_HxYQxW": {
          "type": "heading",
          "settings": {
            "heading": "Know the model you're after?",
            "heading_italic_convert": "",
            "heading_size": "h2",
            "heading_size_custom": 2.4,
            "heading_line_height_custom": 1.2,
            "heading_tag": "h1"
          }
        },
        "spacer_dq6ByH": {
          "type": "spacer",
          "settings": {
            "show_line_separator": false,
            "spacing_top": 1.5,
            "spacing_bottom": 1,
            "spacer_visibility": "both",
            "line_color": ""
          }
        },
        "quick_filter_VBE7WP": {
          "type": "quick_filter",
          "settings": {
            "filter_menu": "cars-filter",
            "text_size": "t3",
            "max_width": 1200,
            "preselect": false,
            "min_items_for_search": 9,
            "auto_open_next_dropdown": true,
            "select1_label": "Select Make",
            "select2_label": "Select Model",
            "select3_label": "Select Generation",
            "button_label": "Search",
            "hide_label": true,
            "button_icon": "search",
            "icon_alignment": "left"
          }
        }
      },
      "block_order": [
        "caption_L6Mi6V",
        "heading_HxYQxW",
        "spacer_dq6ByH",
        "quick_filter_VBE7WP"
      ],
      "settings": {
        "desktop_content_position": "center",
        "content_max_width": "m",
        "desktop_content_alignment": "center",
        "mobile_content_alignment": "center",
        "section_color_scheme": "",
        "container_color_scheme": "scheme-2",
        "show_content_shadow": true,
        "line_separator": "",
        "top_padding": "pt-s05",
        "bottom_padding": "pb-0",
        "visibility": "",
        "hide_when_empty": false
      }
    },
    "rich_text_hTRAj8": {
      "type": "rich-text",
      "blocks": {
        "heading_pB9wVM": {
          "type": "heading",
          "settings": {
            "heading": "<em>or<\/em>",
            "heading_italic_convert": "light",
            "heading_size": "h4",
            "heading_size_custom": 2.4,
            "heading_line_height_custom": 1.2,
            "heading_tag": "h2"
          }
        }
      },
      "block_order": [
        "heading_pB9wVM"
      ],
      "settings": {
        "desktop_content_position": "center",
        "content_max_width": "m",
        "desktop_content_alignment": "center",
        "mobile_content_alignment": "center",
        "section_color_scheme": "",
        "container_color_scheme": "",
        "show_content_shadow": false,
        "line_separator": "",
        "top_padding": "pt-s05",
        "bottom_padding": "pb-0",
        "visibility": "",
        "hide_when_empty": false
      }
    },
    "rich_text_rDXiXD": {
      "type": "rich-text",
      "blocks": {
        "caption_GTjz7w": {
          "type": "caption",
          "disabled": true,
          "settings": {
            "caption": "OR",
            "caption_text_style": "caption-with-letter-spacing",
            "caption_text_size": "t5"
          }
        },
        "heading_d4PKHg": {
          "type": "heading",
          "settings": {
            "heading": "Shopping by Part?",
            "heading_italic_convert": "",
            "heading_size": "h2",
            "heading_size_custom": 2.4,
            "heading_line_height_custom": 1.2,
            "heading_tag": "h1"
          }
        },
        "spacer_wfD7EY": {
          "type": "spacer",
          "settings": {
            "show_line_separator": false,
            "spacing_top": 1.5,
            "spacing_bottom": 1,
            "spacer_visibility": "both",
            "line_color": ""
          }
        },
        "quick_filter_xGQzfa": {
          "type": "quick_filter",
          "settings": {
            "filter_menu": "shop-by-part",
            "text_size": "t3",
            "max_width": 1200,
            "preselect": false,
            "min_items_for_search": 9,
            "auto_open_next_dropdown": true,
            "select1_label": "Select a Part",
            "select2_label": "Select Make",
            "select3_label": "Select Model",
            "button_label": "Search",
            "hide_label": true,
            "button_icon": "search",
            "icon_alignment": "left"
          }
        }
      },
      "block_order": [
        "caption_GTjz7w",
        "heading_d4PKHg",
        "spacer_wfD7EY",
        "quick_filter_xGQzfa"
      ],
      "settings": {
        "desktop_content_position": "center",
        "content_max_width": "m",
        "desktop_content_alignment": "center",
        "mobile_content_alignment": "center",
        "section_color_scheme": "",
        "container_color_scheme": "scheme-2",
        "show_content_shadow": true,
        "line_separator": "",
        "top_padding": "pt-s05",
        "bottom_padding": "pb-s15",
        "visibility": "",
        "hide_when_empty": false
      }
    }
  },
  "order": [
    "breadcrumbs",
    "main",
    "rich_text_3nzik9",
    "multicolumn_DyRrfE",
    "rich_text_zxxAGk",
    "rich_text_LKRaLV",
    "rich_text_hTRAj8",
    "rich_text_rDXiXD"
  ]
}