{"sections":{"breadcrumbs":{"type":"breadcrumbs","disabled":true,"settings":{"spacing":0,"color_scheme":"","line_separator":"","visibility":""}},"main":{"type":"main-page","disabled":true,"settings":{"page_width":"narrow","content_max_width":"m","custom_page_header":false,"title":"Section heading","italic_convert":"","heading_size":"h1","show_view_all_link":true,"view_all_link":"","view_all_text":"","view_all_text_size":"t3","color_scheme":"","heading_tag":"h1"}},"video_banner_yykFPU":{"type":"video-banner","blocks":{"icon_33JU4B":{"type":"icon","settings":{"icon":"images","icon_container":"none","icon_size":6.8,"icon_color":"","icon_background_color":"#ededed","background_gradient":""}},"heading_QNj4VA":{"type":"heading","settings":{"heading":"Quality since 2012","heading_italic_convert":"","heading_size":"h4","heading_size_custom":2.4,"heading_line_height_custom":1.2,"heading_tag":"h1"}}},"block_order":["icon_33JU4B","heading_QNj4VA"],"disabled":true,"custom_css":[],"settings":{"video_url":"https:\/\/www.youtube.com\/watch?v=_9VUPq3SxOc","show_play_pause":false,"reveal_content_timer":2.5,"playback_end":"loop","section_ratio":"custom","desktop_section_height":530,"mobile_section_height":300,"full_width":true,"full_width_animate":false,"desktop_content_position":"md:justify-center md:items-center","mobile_content_position":"justify-center items-center","content_max_width":"m","desktop_content_alignment":"center","mobile_content_alignment":"center","show_text_box":"off","show_text_below":false,"color_scheme":"scheme-3","container_color_scheme":"scheme-3","color_overlay":"#000000","video_overlay_opacity":40,"line_separator":"","top_padding":"pt-s","bottom_padding":"pb-s","visibility":"","hide_when_empty":false,"show_at_specific_time_of_day":false,"show_time_morning":true,"show_time_afternoon":true,"show_time_evening":true,"show_time_night":true,"lazy_load":true,"heading_tag":"h2","description":"Ignite theme","video_aspect_ratio":"1.33"}},"image_with_text_fRnqrh":{"type":"image-with-text","blocks":{"heading_RNbzRz":{"type":"heading","settings":{"heading":"Gary Roberts Jr. ++<em><strong>Owner<\/strong><\/em>","heading_italic_convert":"","heading_size":"h2","heading_size_custom":2.4,"heading_line_height_custom":1.2,"heading_tag":"h2"}},"text_bgUFdD":{"type":"text","settings":{"text":"<p>Gary Roberts Jr. has worked at Roberts Motor Parts for over 40 years.  Instrumental in the starting of the business, he worked for his parents for over 20 years before purchasing the business from them in 2007.  <\/p><p>Gary enjoys the challenge of helping his customers complete their projects and finds great joy in the memories that they make upon completion of their restorations. <\/p><p>His extensive knowledge along with his sense of humor has helped him make lifelong customers and friends through his work. Gary finds a deep satisfaction in helping with the legacy projects of the children of his longtime customers.  <\/p><p>Gary and his wife Leanne have been married for 27 years and are the proud parents of 3 grown children and one black lab.<\/p><p>In his free time Gary enjoys skiing, cooking and travel. Gary is an Eagle Scout, and holds a Bachelor of Science Degree in Business Administration with an Accounting Concentration. In the past Gary has volunteered in his community as a volunteer on local community boards, coached youth sports for 20 years, and served as City Councilor at large in the City of Newburyport Massachusetts from 2005-2007.<\/p>","text_size":"t5"}}},"block_order":["heading_RNbzRz","text_bgUFdD"],"settings":{"image":"shopify:\/\/shop_images\/Designer.png","desktop_section_height":370,"mobile_section_height":400,"desktop_media_width":42,"desktop_media_scale":80,"layout":"media_first","image_cover":true,"desktop_content_alignment":"left","mobile_content_alignment":"left","text_max_width":"xs","content_layout":"no-overlap","section_color_scheme":"","color_scheme":"scheme-2","show_content_shadow":true,"line_separator":"","top_padding":"pt-s","bottom_padding":"pb-s","visibility":"","hide_when_empty":false,"show_at_specific_time_of_day":false,"show_time_morning":true,"show_time_afternoon":true,"show_time_evening":true,"show_time_night":true}},"image_with_text_jHi6y4":{"type":"image-with-text","blocks":{"heading_h9h9fG":{"type":"heading","settings":{"heading":"Deb Mcneilly++<em><strong>Shipping and Sales<\/strong><\/em>","heading_italic_convert":"","heading_size":"h2","heading_size_custom":2.4,"heading_line_height_custom":1.2,"heading_tag":"h2"}},"text_gJzhhW":{"type":"text","settings":{"text":"<p>Deb has been a significant contributor to the success of Roberts Motor Parts for over 20 years.  Her broad product knowledge as well as her extensive understanding of shipping is integral to providing customers with the parts they need in a time frame that works for them.<\/p><p>When not helping customers with their restoration projects she can be found enjoying racing and camping with her husband John.  Deb and John are the parents of two grown daughters and the proud grandparents of what Deb would call the perfect grandson. <\/p>","text_size":"t5"}}},"block_order":["heading_h9h9fG","text_gJzhhW"],"settings":{"desktop_section_height":400,"mobile_section_height":400,"desktop_media_width":55,"desktop_media_scale":100,"layout":"text_first","image_cover":false,"desktop_content_alignment":"left","mobile_content_alignment":"left","text_max_width":"xs","content_layout":"overlap","section_color_scheme":"","color_scheme":"scheme-2","show_content_shadow":true,"line_separator":"","top_padding":"pt-0","bottom_padding":"pb-s","visibility":"","hide_when_empty":false,"show_at_specific_time_of_day":false,"show_time_morning":true,"show_time_afternoon":true,"show_time_evening":true,"show_time_night":true}},"image_with_text_MMYMJ3":{"type":"image-with-text","blocks":{"heading_Cy8rzn":{"type":"heading","settings":{"heading":"Will Roberts ++<em><strong>Online Sales\/Operations<\/strong><\/em>","heading_italic_convert":"","heading_size":"h2","heading_size_custom":2.4,"heading_line_height_custom":1.2,"heading_tag":"h2"}},"text_WUVRzM":{"type":"text","settings":{"text":"<p>Will Roberts is the 3rd generation of his family to work at Roberts Motor Parts.  Will has had the unenviable task of helping modernize the technology and systems at a family business that clearly has a foot and a half in the past.  His efforts in modernizing and improving<br\/>organization have made a real impact in a short period of time. Will is eager to learn as much as he can about the business and looks forward to expanding his knowledge.  <\/p><p>In his free time Will is an accomplished<br\/>skier and enjoys traveling to ski in Colorado and Utah.  Will is currently a student and will receive his Bachelor's Degree in Finance in December of 2025. <br\/><\/p>","text_size":"t5"}}},"block_order":["heading_Cy8rzn","text_WUVRzM"],"settings":{"image":"shopify:\/\/shop_images\/OIP.webp","desktop_section_height":360,"mobile_section_height":280,"desktop_media_width":42,"desktop_media_scale":75,"layout":"media_first","image_cover":true,"desktop_content_alignment":"left","mobile_content_alignment":"left","text_max_width":"xs","content_layout":"no-overlap","section_color_scheme":"","color_scheme":"scheme-2","show_content_shadow":true,"line_separator":"","top_padding":"pt-s","bottom_padding":"pb-s","visibility":"","hide_when_empty":true,"show_at_specific_time_of_day":false,"show_time_morning":true,"show_time_afternoon":true,"show_time_evening":true,"show_time_night":true}},"image_with_text_YbGimh":{"type":"image-with-text","blocks":{"heading_3npbri":{"type":"heading","settings":{"heading":"Ethan Duggan++<em><strong>IT\/Online Sales<\/strong><\/em>","heading_italic_convert":"","heading_size":"h2","heading_size_custom":2.4,"heading_line_height_custom":1.2,"heading_tag":"h2"}},"text_4qpGmw":{"type":"text","settings":{"text":"<p>It was our good fortune to pick up Ethan on the waver wire over the winter and there has been no looking back since.  Ethan’s technological knowledge have made a<br\/>real difference during his short tenure with Roberts Motor Parts.  Ethan's strong work ethic and his pleasant demeanor have made him a welcome addition to our team.  <\/p><p> In his free time Ethan enjoys golf and is the Junior Varsity Soccer Coach at the Pentucket Regional High School.  Ethan earned his Associate's degree in the spring of 2025.     <\/p>","text_size":"t5"}}},"block_order":["heading_3npbri","text_4qpGmw"],"settings":{"desktop_section_height":400,"mobile_section_height":400,"desktop_media_width":55,"desktop_media_scale":100,"layout":"text_first","image_cover":false,"desktop_content_alignment":"left","mobile_content_alignment":"left","text_max_width":"xs","content_layout":"overlap","section_color_scheme":"","color_scheme":"scheme-2","show_content_shadow":true,"line_separator":"","top_padding":"pt-0","bottom_padding":"pb-s","visibility":"","hide_when_empty":true,"show_at_specific_time_of_day":false,"show_time_morning":true,"show_time_afternoon":true,"show_time_evening":true,"show_time_night":true}},"image_with_text_RKMgDB":{"type":"image-with-text","blocks":{"heading_f6wN6n":{"type":"heading","settings":{"heading":"Gary Roberts++<em><strong>Founder<\/strong><\/em>","heading_italic_convert":"","heading_size":"h2","heading_size_custom":2.4,"heading_line_height_custom":1.2,"heading_tag":"h2"}},"text_F6wdiq":{"type":"text","settings":{"text":"<p>In 1975 Gary Roberts filled up his pickup truck with parts and drove to the Hershey fall car meet with the hope of selling all of the extra parts he had accumulated over the years.  He returned from the meet with more parts than he left with.  Fifty years later the company that he founded is still helping folks make memories with their restoration projects.  Gary Roberts retired in 2007 and splits time<br\/>between homes in Southern New Hampshire and the Daytona Beach area of Florida.  <\/p><p>He is the father of 2 grown children and enjoyed 40 years of marriage to his wife Mary before her passing in 2009.    <\/p>","text_size":"t5"}}},"block_order":["heading_f6wN6n","text_F6wdiq"],"settings":{"image":"shopify:\/\/shop_images\/IMG_2160.jpg","desktop_section_height":360,"mobile_section_height":280,"desktop_media_width":42,"desktop_media_scale":75,"layout":"media_first","image_cover":true,"desktop_content_alignment":"left","mobile_content_alignment":"left","text_max_width":"xs","content_layout":"no-overlap","section_color_scheme":"","color_scheme":"scheme-2","show_content_shadow":true,"line_separator":"","top_padding":"pt-s","bottom_padding":"pb-s","visibility":"","hide_when_empty":true,"show_at_specific_time_of_day":false,"show_time_morning":true,"show_time_afternoon":true,"show_time_evening":true,"show_time_night":true}},"image_with_text_4pGWTY":{"type":"image-with-text","blocks":{"heading_wkrTFJ":{"type":"heading","settings":{"heading":"Gordon Kent++<em><strong>Yoda\/Consultant<\/strong><\/em>","heading_italic_convert":"","heading_size":"h2","heading_size_custom":2.4,"heading_line_height_custom":1.2,"heading_tag":"h2"}},"text_mPhe6n":{"type":"text","settings":{"text":"<p>Gordon built the first Roberts Motor Parts website in 1995 at his kitchen table.  He was also there when we launched our 2nd site several years later and has been a constant source of information and support during it’s use.  Now as we launch our 3rd version<br\/>of the site some 30 years after we were the first in our sector to have a site he is here again.<\/p><p>The consummate professional, his depth of knowledge in this area is extensive. His ability to wade through complex problems and get to the heart of the matter has been a constant source of support to this family business and to the Roberts family. Gordon has an impressive 30 year work history in the tech industry and is seen as a solid leader with outstanding communication skills. Gordon and his wife Maggie are the parents of two beautiful children. Gordon enjoys gardening, cooking and<br\/>entertaining in his free time.<\/p>","text_size":"t5"}}},"block_order":["heading_wkrTFJ","text_mPhe6n"],"settings":{"image":"shopify:\/\/shop_images\/gkheadshot2.jpg","desktop_section_height":320,"mobile_section_height":320,"desktop_media_width":55,"desktop_media_scale":65,"layout":"text_first","image_cover":true,"desktop_content_alignment":"left","mobile_content_alignment":"left","text_max_width":"xs","content_layout":"overlap","section_color_scheme":"","color_scheme":"scheme-2","show_content_shadow":true,"line_separator":"","top_padding":"pt-0","bottom_padding":"pb-s","visibility":"","hide_when_empty":true,"show_at_specific_time_of_day":false,"show_time_morning":true,"show_time_afternoon":true,"show_time_evening":true,"show_time_night":true}},"stats_rqaB79":{"type":"stats","blocks":{"column_standard_fCF6XG":{"type":"column_standard","settings":{"stat_caption":"Over","stat_number":"142k","title":"products sold","heading_size":"h4","stat_color":"#f1b726","stat_text_gradient":"linear-gradient(276deg, rgba(255, 228, 49, 1), rgba(249, 149, 32, 1) 59%)","icon":"","icon_container":"none","icon_size":3.4,"icon_color":"","icon_background_color":"#ededed","background_gradient":"","text":"","text_size":"t3","image_ratio":"adapt","image_width":100,"image_position":"below_text","button_text_size":"t3","button_label":"","button_link":"","button_style":"primary","button_style_show_arrow":false,"card_link":"","card_color_scheme":"","color_scheme_bg_fix":false}},"column_standard_ideWMw":{"type":"column_standard","settings":{"stat_caption":"With","stat_number":"95%","title":"positive reviews","heading_size":"h4","stat_color":"#e937d6","stat_text_gradient":"linear-gradient(238deg, rgba(249, 119, 255, 1) 8%, rgba(186, 54, 255, 1) 69%)","icon":"","icon_container":"none","icon_size":3.4,"icon_color":"","icon_background_color":"#ededed","background_gradient":"","text":"","text_size":"t3","image_ratio":"adapt","image_width":100,"image_position":"below_text","button_text_size":"t3","button_label":"","button_link":"","button_style":"primary","button_style_show_arrow":false,"card_link":"","card_color_scheme":"","color_scheme_bg_fix":false}},"column_standard_eBYRWr":{"type":"column_standard","settings":{"stat_caption":"Selling in","stat_number":"12","title":"territories","heading_size":"h4","stat_color":"#00ffff","stat_text_gradient":"linear-gradient(106deg, rgba(87, 247, 255, 1) 6%, rgba(33, 249, 239, 1) 68%)","icon":"","icon_container":"none","icon_size":3.4,"icon_color":"","icon_background_color":"#ededed","background_gradient":"","text":"","text_size":"t3","image_ratio":"adapt","image_width":100,"image_position":"below_text","button_text_size":"t3","button_label":"","button_link":"","button_style":"primary","button_style_show_arrow":false,"card_link":"","card_color_scheme":"","color_scheme_bg_fix":false}}},"block_order":["column_standard_fCF6XG","column_standard_ideWMw","column_standard_eBYRWr"],"disabled":true,"settings":{"stat_animate":true,"stat_caption_style":"caption-with-letter-spacing","stat_style":"text-body","heading_style":"text-body","stat_size":"custom","stat_size_custom":6.2,"desktop_section_height":270,"mobile_section_height":0,"column_alignment":"center","text_vertical_alignment":"justify-center","spacing_grid":28,"content_padding":2,"columns_desktop":3,"columns_desktop_scale":true,"full_width_section":true,"image_overlay_opacity":0,"content_max_width":"m","desktop_heading_alignment":"center","mobile_heading_alignment":"center","title":"Today...","italic_convert":"","heading_size":"h1","text":"","text_size":"t3","view_all_link":"","view_all_text":"","view_all_text_size":"t3","color_scheme":"","card_shadow":false,"line_separator":"","top_padding":"pt-s2","bottom_padding":"pb-s2","visibility":"","hide_when_empty":false,"show_at_specific_time_of_day":false,"show_time_morning":true,"show_time_afternoon":true,"show_time_evening":true,"show_time_night":true,"heading_tag":"h2"}},"multicolumn_GWAc4Y":{"type":"multicolumn","blocks":{"column_full_image_PFf7Xi":{"type":"column_full_image","settings":{"column_alignment":"center","text_vertical_alignment":"justify-start","content_padding":2,"image_ratio":"portrait","image_position":"top","icon":"game_controller","icon_container":"circle","icon_size":3,"icon_color":"#711c1c","icon_background_color":"#ffeaf1","background_gradient":"","title":"Person 1","heading_tag":"h3","heading_size":"h4","heading_size_custom":2.4,"text":"<p>Co-Founder and CEO<\/p>","text_size":"t5","button_text_size":"t3","button_label":"","button_link":"","button_style":"primary","button_style_show_arrow":false,"card_link":"","card_color_scheme":"scheme-2","color_scheme_bg_fix":false}},"column_full_image_ftar6q":{"type":"column_full_image","settings":{"column_alignment":"center","text_vertical_alignment":"justify-start","content_padding":2,"image_ratio":"portrait","image_position":"top","icon":"bicycle","icon_container":"circle","icon_size":3,"icon_color":"#2359a4","icon_background_color":"#ecf4ff","background_gradient":"","title":"Person 2","heading_tag":"h3","heading_size":"h4","heading_size_custom":2.4,"text":"<p>Co-Founder and COO<\/p>","text_size":"t5","button_text_size":"t3","button_label":"","button_link":"","button_style":"primary","button_style_show_arrow":false,"card_link":"","card_color_scheme":"scheme-2","color_scheme_bg_fix":false}},"column_full_image_TcpQbB":{"type":"column_full_image","settings":{"column_alignment":"center","text_vertical_alignment":"justify-start","content_padding":2,"image_ratio":"portrait","image_position":"top","icon":"paw_print","icon_container":"circle","icon_size":3,"icon_color":"#5b590e","icon_background_color":"#f6fac8","background_gradient":"","title":"Person 3","heading_tag":"h3","heading_size":"h4","heading_size_custom":2.4,"text":"<p>Chief Financial Officer<\/p>","text_size":"t5","button_text_size":"t3","button_label":"","button_link":"","button_style":"primary","button_style_show_arrow":false,"card_link":"","card_color_scheme":"scheme-2","color_scheme_bg_fix":false}},"column_full_image_jixRt9":{"type":"column_full_image","settings":{"column_alignment":"center","text_vertical_alignment":"justify-start","content_padding":2,"image_ratio":"portrait","image_position":"top","icon":"film","icon_container":"circle","icon_size":3,"icon_color":"#39095e","icon_background_color":"#f2e3fc","background_gradient":"","title":"Person 4","heading_tag":"h3","heading_size":"h4","heading_size_custom":2.4,"text":"<p>Chief Technology Officer<\/p>","text_size":"t5","button_text_size":"t3","button_label":"","button_link":"","button_style":"primary","button_style_show_arrow":false,"card_link":"","card_color_scheme":"scheme-2","color_scheme_bg_fix":false}},"column_full_image_DjwpPK":{"type":"column_full_image","settings":{"column_alignment":"center","text_vertical_alignment":"justify-start","content_padding":2,"image_ratio":"portrait","image_position":"top","icon":"wine","icon_container":"circle","icon_size":3,"icon_color":"#195408","icon_background_color":"#ecfcee","background_gradient":"","title":"Person 5","heading_tag":"h3","heading_size":"h4","heading_size_custom":2.4,"text":"<p>Marketing Director<\/p>","text_size":"t5","button_text_size":"t3","button_label":"","button_link":"","button_style":"primary","button_style_show_arrow":false,"card_link":"","card_color_scheme":"scheme-2","color_scheme_bg_fix":false}},"column_full_image_zLDccq":{"type":"column_full_image","settings":{"column_alignment":"center","text_vertical_alignment":"justify-start","content_padding":2,"image_ratio":"portrait","image_position":"top","icon":"rocket","icon_container":"circle","icon_size":3,"icon_color":"#0a8a8a","icon_background_color":"#ecfcfc","background_gradient":"","title":"Person 6","heading_tag":"h3","heading_size":"h4","heading_size_custom":2.4,"text":"<p>Lead Product Manager<\/p>","text_size":"t5","button_text_size":"t3","button_label":"","button_link":"","button_style":"primary","button_style_show_arrow":false,"card_link":"","card_color_scheme":"scheme-2","color_scheme_bg_fix":false}},"column_full_image_Nq9yzr":{"type":"column_full_image","settings":{"column_alignment":"center","text_vertical_alignment":"justify-start","content_padding":2,"image_ratio":"portrait","image_position":"top","icon":"hammer","icon_container":"circle","icon_size":3,"icon_color":"#df580e","icon_background_color":"#fceee6","background_gradient":"","title":"Person 7","heading_tag":"h3","heading_size":"h4","heading_size_custom":2.4,"text":"<p>Customer Service Director<\/p>","text_size":"t5","button_text_size":"t3","button_label":"","button_link":"","button_style":"primary","button_style_show_arrow":false,"card_link":"","card_color_scheme":"scheme-2","color_scheme_bg_fix":false}},"column_full_image_mbKpMV":{"type":"column_full_image","settings":{"column_alignment":"center","text_vertical_alignment":"justify-start","content_padding":2,"image_ratio":"portrait","image_position":"top","icon":"basketball","icon_container":"circle","icon_size":3,"icon_color":"#0e5fdf","icon_background_color":"#f2f5ff","background_gradient":"","title":"Person 8","heading_tag":"h3","heading_size":"h4","heading_size_custom":2.4,"text":"<p>Logistics Manager<\/p>","text_size":"t5","button_text_size":"t3","button_label":"","button_link":"","button_style":"primary","button_style_show_arrow":false,"card_link":"","card_color_scheme":"scheme-2","color_scheme_bg_fix":false}}},"block_order":["column_full_image_PFf7Xi","column_full_image_ftar6q","column_full_image_TcpQbB","column_full_image_jixRt9","column_full_image_DjwpPK","column_full_image_zLDccq","column_full_image_Nq9yzr","column_full_image_mbKpMV"],"disabled":true,"settings":{"icon_bottom":true,"desktop_section_height":200,"mobile_section_height":200,"desktop_layout":"grid","mobile_layout":"carousel","columns_desktop":"4","columns_desktop_scale":false,"columns_mobile":"1","image_overlay_opacity":0,"content_max_width":"l","desktop_heading_alignment":"center","mobile_heading_alignment":"left","title":"Meet the team","italic_convert":"","heading_size":"h2","text":"<p> <\/p>","text_size":"t3","view_all_link":"","view_all_text":"","view_all_text_size":"t3","color_scheme":"scheme-1","card_shadow":false,"line_separator":"border-top","top_padding":"pt-s15","bottom_padding":"pb-s15","visibility":"","hide_when_empty":false,"show_at_specific_time_of_day":false,"show_time_morning":true,"show_time_afternoon":true,"show_time_evening":true,"show_time_night":true,"heading_tag":"h2"}},"rich_text_8VHy9R":{"type":"rich-text","blocks":{"heading_NpKKXJ":{"type":"heading","settings":{"heading":"Talk about your brand","heading_italic_convert":"","heading_size":"h3","heading_size_custom":2.4,"heading_line_height_custom":1.2,"heading_tag":"h2"}},"text_3rhXtV":{"type":"text","settings":{"text":"<p>Share information about your brand with your customers. Describe a product, make announcements, or welcome customers to your store.<\/p>","text_size":"t3"}},"buttons_Eqfffh":{"type":"buttons","settings":{"button_text_size":"t3","button_label_1":"Button label","button_link_1":"\/","button_style_1":"primary","button_style_1_show_arrow":false,"button_label_2":"","button_link_2":"","button_style_2":"secondary","button_style_2_show_arrow":false}}},"block_order":["heading_NpKKXJ","text_3rhXtV","buttons_Eqfffh"],"disabled":true,"name":"Rich text","settings":{"desktop_content_position":"center","content_max_width":"m","desktop_content_alignment":"center","mobile_content_alignment":"left","section_color_scheme":"","container_color_scheme":"","show_content_shadow":false,"line_separator":"","top_padding":"pt-s","bottom_padding":"pb-s","visibility":"","hide_when_empty":false,"show_at_specific_time_of_day":false,"show_time_morning":true,"show_time_afternoon":true,"show_time_evening":true,"show_time_night":true}},"spacer_pfHerD":{"type":"spacer","settings":{"full_width":true,"show_line_separator":true,"line_width":100,"spacing_top":0,"spacing_bottom":0,"color_scheme":"scheme-2","line_color":"","visibility":"","show_at_specific_time_of_day":false,"show_time_morning":true,"show_time_afternoon":true,"show_time_evening":true,"show_time_night":true}},"section_tabs_qhTfBK":{"type":"section-tabs","disabled":true,"settings":{"section_tabs":"3","tab1":"Value 1","tab2":"Value 2","tab3":"Value 3","tab4":"","tab_style":"switch","tab_alignment":"center","tab_text_size":"t2","content_max_width":"m","desktop_heading_alignment":"center","mobile_heading_alignment":"center","title":"Our <em>core<\/em> values","italic_convert":"accent","heading_size":"h1","text":"","text_size":"t3","color_scheme":"scheme-4","top_padding":"pt-s15","bottom_padding":"pb-s05","heading_tag":"h2"}},"rich_text_6mCtEH":{"type":"rich-text","blocks":{"text_VTpFwz":{"type":"text","settings":{"text":"<p>How does this value shape your company's approach to products, services, internal culture, or decision-making? Consider how it impacts relationships with customers, employees, partners, or other key stakeholders.<\/p>","text_size":"t0"}}},"block_order":["text_VTpFwz"],"disabled":true,"settings":{"desktop_content_position":"center","content_max_width":"m","desktop_content_alignment":"center","mobile_content_alignment":"left","section_color_scheme":"scheme-4","container_color_scheme":"scheme-4","show_content_shadow":false,"line_separator":"","top_padding":"pt-0","bottom_padding":"pb-s","visibility":"","hide_when_empty":false,"show_at_specific_time_of_day":false,"show_time_morning":true,"show_time_afternoon":true,"show_time_evening":true,"show_time_night":true}},"rich_text_3TAkXX":{"type":"rich-text","blocks":{"text_BDH4kX":{"type":"text","settings":{"text":"<p>Describe the tangible ways each value is demonstrated within your organization. Give examples of how employees are encouraged to embody this value, whether through specific processes, behaviors, or initiatives.<\/p>","text_size":"t0"}}},"block_order":["text_BDH4kX"],"disabled":true,"settings":{"desktop_content_position":"center","content_max_width":"m","desktop_content_alignment":"center","mobile_content_alignment":"left","section_color_scheme":"scheme-4","container_color_scheme":"scheme-4","show_content_shadow":false,"line_separator":"","top_padding":"pt-0","bottom_padding":"pb-s","visibility":"","hide_when_empty":false,"show_at_specific_time_of_day":false,"show_time_morning":true,"show_time_afternoon":true,"show_time_evening":true,"show_time_night":true}},"spacer_BdRFKG":{"type":"spacer","disabled":true,"settings":{"full_width":true,"show_line_separator":false,"line_width":100,"spacing_top":2.4,"spacing_bottom":2.4,"color_scheme":"scheme-4","line_color":"","visibility":"","show_at_specific_time_of_day":false,"show_time_morning":true,"show_time_afternoon":true,"show_time_evening":true,"show_time_night":true}},"testimonials_wGiqtd":{"type":"testimonials","blocks":{"column_standard_fP39kp":{"type":"column_standard","settings":{"image_ratio":"adapt","image_width":100,"rating_stars":5,"title":"Testimonial","heading_tag":"h3","text":"<p>Include a review of the product or collection left by a customer. Or perhaps it's a review of your store as whole.<\/p>","author_name":"Jane Doe","author_caption":"Director, Company name","card_link":"","card_color_scheme":"scheme-2","color_scheme_bg_fix":false}},"column_standard_ggEeHN":{"type":"column_standard","settings":{"image_ratio":"adapt","image_width":100,"rating_stars":5,"title":"Testimonial","heading_tag":"h3","text":"<p>Include a review of the product or collection left by a customer. Or perhaps it's a review of your store as whole.<\/p>","author_name":"Jane Doe","author_caption":"Director, Company name","card_link":"","card_color_scheme":"scheme-2","color_scheme_bg_fix":false}},"column_standard_gDFKNY":{"type":"column_standard","settings":{"image_ratio":"adapt","image_width":100,"rating_stars":5,"title":"Testimonial","heading_tag":"h3","text":"<p>Include a review of the product or collection left by a customer. Or perhaps it's a review of your store as whole.<\/p>","author_name":"Jane Doe","author_caption":"Director, Company name","card_link":"","card_color_scheme":"scheme-2","color_scheme_bg_fix":false}},"column_standard_Y39rME":{"type":"column_standard","settings":{"image_ratio":"adapt","image_width":100,"rating_stars":5,"title":"Testimonial","heading_tag":"h3","text":"<p>Include a review of the product or collection left by a customer. Or perhaps it's a review of your store as whole.<\/p>","author_name":"Jane Doe","author_caption":"Director, Company name","card_link":"","card_color_scheme":"scheme-2","color_scheme_bg_fix":false}},"column_standard_jYWj4C":{"type":"column_standard","settings":{"image_ratio":"adapt","image_width":100,"rating_stars":5,"title":"Testimonial","heading_tag":"h3","text":"<p>Include a review of the product or collection left by a customer. Or perhaps it's a review of your store as whole.<\/p>","author_name":"Jane Doe","author_caption":"Director, Company name","card_link":"","card_color_scheme":"scheme-2","color_scheme_bg_fix":false}},"column_standard_9PaQkt":{"type":"column_standard","settings":{"image_ratio":"adapt","image_width":100,"rating_stars":5,"title":"Testimonial","heading_tag":"h3","text":"<p>Include a review of the product or collection left by a customer. Or perhaps it's a review of your store as whole.<\/p>","author_name":"Jane Doe","author_caption":"Director, Company name","card_link":"","card_color_scheme":"scheme-2","color_scheme_bg_fix":false}}},"block_order":["column_standard_fP39kp","column_standard_ggEeHN","column_standard_gDFKNY","column_standard_Y39rME","column_standard_jYWj4C","column_standard_9PaQkt"],"disabled":true,"settings":{"review_style":"star","rating_size":3,"heading_style":"text-body","card_heading_size":"h5","card_text_size":"t3","author_line":true,"desktop_section_height":390,"mobile_section_height":200,"column_alignment":"left","text_vertical_alignment":"justify-center","content_padding":4,"desktop_layout":"carousel","mobile_layout":"carousel","columns_desktop":"3","columns_desktop_scale":true,"full_width":false,"image_overlay_opacity":0,"content_max_width":"m","desktop_heading_alignment":"left","mobile_heading_alignment":"left","title":"Don't take our word for it...","italic_convert":"","heading_size":"h2","text":"","text_size":"t3","view_all_link":"","view_all_text":"","view_all_text_size":"t3","color_scheme":"scheme-1","star_color":"#f5e121","card_shadow":true,"line_separator":"","top_padding":"pt-s","bottom_padding":"pb-s","visibility":"","hide_when_empty":false,"show_at_specific_time_of_day":false,"show_time_morning":true,"show_time_afternoon":true,"show_time_evening":true,"show_time_night":true,"heading_tag":"h2"}},"icons_with_text_j8mhne":{"type":"icons-with-text","blocks":{"icon_with_text_JjHrHK":{"type":"icon_with_text","settings":{"icon":"shield_checkmark","icon_container":"none","icon_color":"","icon_background_color":"#ededed","background_gradient":"","image_width":40,"title":"<strong>WELL TRUSTED<\/strong>","text":"Over 100k customers","card_link":""}},"icon_with_text_pcztYt":{"type":"icon_with_text","settings":{"icon":"truck","icon_container":"none","icon_color":"","icon_background_color":"#ededed","background_gradient":"","image_width":40,"title":"<strong>SUPER FAST<\/strong>","text":"With Express delivery","card_link":""}},"icon_with_text_3pXDr6":{"type":"icon_with_text","settings":{"icon":"chat_bubbles","icon_container":"none","icon_color":"","icon_background_color":"#ededed","background_gradient":"","image_width":40,"title":"<strong>EXPERT HELP<\/strong>","text":"Seven days a week","card_link":""}},"icon_with_text_B9qa7U":{"type":"icon_with_text","settings":{"icon":"price_tags","icon_container":"none","icon_color":"","icon_background_color":"#ededed","background_gradient":"","image_width":40,"title":"<strong>BEST PRICES<\/strong>","text":"Unbeatable value","card_link":""}}},"block_order":["icon_with_text_JjHrHK","icon_with_text_pcztYt","icon_with_text_3pXDr6","icon_with_text_B9qa7U"],"disabled":true,"settings":{"placement":"beside","content_vertical_alignment":"items-start","column_alignment":"left","vertical_padding":2.1,"icon_size":3.2,"heading_size":"t4","text_size":"t5","mobile_layout":"carousel","columns_mobile":"2","color_scheme":"scheme-5","line_separator":"","visibility":"","hide_when_empty":false,"show_at_specific_time_of_day":false,"show_time_morning":true,"show_time_afternoon":true,"show_time_evening":true,"show_time_night":true}}},"order":["breadcrumbs","main","video_banner_yykFPU","image_with_text_fRnqrh","image_with_text_jHi6y4","image_with_text_MMYMJ3","image_with_text_YbGimh","image_with_text_RKMgDB","image_with_text_4pGWTY","stats_rqaB79","multicolumn_GWAc4Y","rich_text_8VHy9R","spacer_pfHerD","section_tabs_qhTfBK","rich_text_6mCtEH","rich_text_3TAkXX","spacer_BdRFKG","testimonials_wGiqtd","icons_with_text_j8mhne"]}