{"sections":{"breadcrumbs":{"type":"breadcrumbs","settings":{"spacing":0,"color_scheme":"scheme-2","line_separator":"","visibility":""}},"main":{"type":"main-contact","disabled":true,"settings":{"page_width":"normal","content_max_width":"m","desktop_heading_alignment":"center","mobile_heading_alignment":"left","custom_page_header":false,"title":"","italic_convert":"","heading_size":"h1","custom_page_text":false,"text":"","text_size":"t2","show_view_all_link":true,"view_all_link":"","view_all_text":"","view_all_text_size":"t3","color_scheme":"scheme-1","heading_tag":"h1"}},"custom_liquid_jEh6z3":{"type":"custom-liquid","name":"Custom Liquid","settings":{"custom_liquid":"<script>  document.addEventListener(\"DOMContentLoaded\", function () {\n    const params = new URLSearchParams(window.location.search);\n    const email = params.get(\"email\");\n    if (email) {  document.getElementById(\"email-message\").innerHTML=\n        `<b>${email}<\/b>`;\n    }\n  });\n<\/script>","full_width":false,"color_scheme":"","line_separator":"","top_padding":"pt-0","bottom_padding":"pb-0","visibility":"","show_at_specific_time_of_day":false,"show_time_morning":true,"show_time_afternoon":true,"show_time_evening":true,"show_time_night":true}},"flexible_columns_kaHVKE":{"type":"flexible-columns","blocks":{"layout_column_a4GiDk":{"type":"_layout-column","settings":{"column_link":"","column_link_text":"","small_breakpoint_width":100,"medium_breakpoint_width":100,"width":71,"height_mode":"full","min_height":500,"vertical_alignment":"self-start","sticky":false,"desktop_content_alignment":"left","mobile_content_alignment":"left","content_max_width":1000,"content_vertical_alignment":"items-center","content_horizontal_alignment":"justify-center","image_overlay_opacity":0,"use_color_scheme":true,"color_scheme":"scheme-1","card_shadow":true,"round_corners":true,"padding":"p-5","custom_padding":6,"padding_desktop_only":false},"blocks":{"icon_rXe9gw":{"type":"icon","settings":{"icon":"storefront","icon_container":"circle","icon_size":2.8,"icon_color":"#f9f7f6","icon_background_color":"#eaeaea","background_gradient":"linear-gradient(45deg, rgba(28, 112, 190, 1), rgba(13, 88, 153, 1) 98.561%, rgba(68, 195, 237, 1) 100%)"},"blocks":{}},"heading_AHHFK4":{"type":"heading","settings":{"heading":"{{ closest.page.title }}","heading_italic_convert":"","heading_size":"h3","heading_size_custom":2.4,"heading_line_height_custom":1.2,"heading_tag":"h2"},"blocks":{}},"text_d8qwrQ":{"type":"text","settings":{"text":"{{ closest.page.content }}","text_size":"t3"},"blocks":{}},"buttons_bx3dLE":{"type":"buttons","settings":{"button_text_size":"t3","button_label_1":"Reset Your Password","button_link_1":"\/account\/login?reset","button_style_1":"primary","button_style_1_show_arrow":true,"button_label_2":"","button_link_2":"","button_style_2":"secondary","button_style_2_show_arrow":false},"blocks":{}}},"block_order":["icon_rXe9gw","heading_AHHFK4","text_d8qwrQ","buttons_bx3dLE"]}},"block_order":["layout_column_a4GiDk"],"name":"Call to action","settings":{"gap_small":24,"gap_medium":24,"gap_desktop":36,"section_max_width":"l1","use_breakpoints":false,"small_breakpoint_custom":"549","medium_breakpoint_custom":"749","image_overlay_opacity":0,"content_max_width":"m","desktop_heading_alignment":"left","mobile_heading_alignment":"left","title":"","italic_convert":"","heading_size":"h2","text":"","text_size":"t3","view_all_link":"","view_all_text":"","view_all_text_size":"t3","section_color_scheme":"scheme-2","line_separator":"","top_padding":"pt-s","bottom_padding":"pb-s","visibility":"","hide_when_empty":false,"show_at_specific_time_of_day":false,"show_time_morning":true,"show_time_afternoon":true,"show_time_evening":true,"show_time_night":true}},"spacer_qWBT7U":{"type":"spacer","settings":{"full_width":false,"show_line_separator":true,"line_width":100,"spacing_top":0,"spacing_bottom":0,"color_scheme":"","line_color":"","visibility":"","show_at_specific_time_of_day":false,"show_time_morning":true,"show_time_afternoon":true,"show_time_evening":true,"show_time_night":true}},"flexible_columns_8C7gpw":{"type":"flexible-columns","blocks":{"layout_column_BCUyM6":{"type":"_layout-column","settings":{"column_link":"","column_link_text":"","small_breakpoint_width":100,"medium_breakpoint_width":50,"width":33,"height_mode":"full","min_height":500,"vertical_alignment":"self-start","sticky":false,"desktop_content_alignment":"left","mobile_content_alignment":"left","content_max_width":1000,"content_vertical_alignment":"items-start","content_horizontal_alignment":"justify-center","image_overlay_opacity":0,"use_color_scheme":false,"color_scheme":"","card_shadow":true,"round_corners":true,"padding":"p-1","custom_padding":6,"padding_desktop_only":true},"blocks":{"icon_with_text_zDCtyj":{"type":"icon_with_text","settings":{"icon_heading_gap":2.5,"text_max_width":400,"link":"","icon":"search","icon_container":"rounded","icon_size":3,"icon_vertical_position":0.1,"icon_color":"#188f65","icon_background_color":"#dffdef","background_gradient":"linear-gradient(54deg, rgba(223, 253, 239, 1) 13%, rgba(196, 250, 226, 1) 85%)","heading":"Enhanced Search","heading_italic_convert":"","heading_size":"h5","heading_size_custom":2.4,"heading_line_height_custom":1.2,"heading_tag":"h3","text":"<p>Find your exact parts faster with detailed descriptions and enhanced vehicle matching.<\/p>","text_size":"t3"},"blocks":{}}},"block_order":["icon_with_text_zDCtyj"]},"layout_column_PPDWPm":{"type":"_layout-column","settings":{"column_link":"","column_link_text":"","small_breakpoint_width":100,"medium_breakpoint_width":50,"width":33,"height_mode":"full","min_height":500,"vertical_alignment":"self-start","sticky":false,"desktop_content_alignment":"left","mobile_content_alignment":"left","content_max_width":1000,"content_vertical_alignment":"items-start","content_horizontal_alignment":"justify-center","image_overlay_opacity":0,"use_color_scheme":false,"color_scheme":"","card_shadow":true,"round_corners":true,"padding":"p-1","custom_padding":6,"padding_desktop_only":true},"blocks":{"icon_with_text_aMkmew":{"type":"icon_with_text","settings":{"icon_heading_gap":2.5,"text_max_width":400,"link":"","icon":"layers","icon_container":"rounded","icon_size":3,"icon_vertical_position":0.1,"icon_color":"#188f65","icon_background_color":"#dffdef","background_gradient":"linear-gradient(54deg, rgba(223, 253, 239, 1) 13%, rgba(196, 250, 226, 1) 85%)","heading":"Smart Filtering","heading_italic_convert":"","heading_size":"h5","heading_size_custom":2.4,"heading_line_height_custom":1.2,"heading_tag":"h3","text":"<p>Advanced filtering by year, make, model - locate compatible parts in seconds.<\/p>","text_size":"t3"},"blocks":{}}},"block_order":["icon_with_text_aMkmew"]},"layout_column_XBqiq7":{"type":"_layout-column","settings":{"column_link":"","column_link_text":"","small_breakpoint_width":100,"medium_breakpoint_width":50,"width":33,"height_mode":"full","min_height":500,"vertical_alignment":"self-start","sticky":false,"desktop_content_alignment":"left","mobile_content_alignment":"left","content_max_width":1000,"content_vertical_alignment":"items-start","content_horizontal_alignment":"justify-center","image_overlay_opacity":0,"use_color_scheme":false,"color_scheme":"","card_shadow":true,"round_corners":true,"padding":"p-1","custom_padding":6,"padding_desktop_only":true},"blocks":{"icon_with_text_TGjJd4":{"type":"icon_with_text","settings":{"icon_heading_gap":2.5,"text_max_width":400,"link":"","icon":"chat_bubble","icon_container":"rounded","icon_size":3,"icon_vertical_position":0.1,"icon_color":"#188f65","icon_background_color":"#dffdef","background_gradient":"linear-gradient(54deg, rgba(223, 253, 239, 1) 13%, rgba(196, 250, 226, 1) 85%)","heading":"Live Chat","heading_italic_convert":"","heading_size":"h5","heading_size_custom":2.4,"heading_line_height_custom":1.2,"heading_tag":"h3","text":"<p>Get instant help! New live chat support Monday-Friday, 9am-5pm ET.<\/p>","text_size":"t3"},"blocks":{}}},"block_order":["icon_with_text_TGjJd4"]},"layout_column_DYBCPj":{"type":"_layout-column","settings":{"column_link":"","column_link_text":"","small_breakpoint_width":100,"medium_breakpoint_width":50,"width":33,"height_mode":"full","min_height":500,"vertical_alignment":"self-start","sticky":false,"desktop_content_alignment":"left","mobile_content_alignment":"left","content_max_width":1000,"content_vertical_alignment":"items-start","content_horizontal_alignment":"justify-center","image_overlay_opacity":0,"use_color_scheme":false,"color_scheme":"","card_shadow":true,"round_corners":true,"padding":"p-1","custom_padding":6,"padding_desktop_only":true},"blocks":{"icon_with_text_Ppm8ka":{"type":"icon_with_text","settings":{"icon_heading_gap":2.5,"text_max_width":400,"link":"","icon":"build","icon_container":"rounded","icon_size":3,"icon_vertical_position":0.1,"icon_color":"#188f65","icon_background_color":"#dffdef","background_gradient":"linear-gradient(54deg, rgba(223, 253, 239, 1) 13%, rgba(196, 250, 226, 1) 85%)","heading":"Detailed Listings","heading_italic_convert":"","heading_size":"h5","heading_size_custom":2.4,"heading_line_height_custom":1.2,"heading_tag":"h3","text":"<p>More photos, better details, precise fitment info - shop with confidence.<\/p>","text_size":"t3"},"blocks":{}}},"block_order":["icon_with_text_Ppm8ka"]},"layout_column_ejztYL":{"type":"_layout-column","settings":{"column_link":"","column_link_text":"","small_breakpoint_width":100,"medium_breakpoint_width":50,"width":33,"height_mode":"full","min_height":500,"vertical_alignment":"self-start","sticky":false,"desktop_content_alignment":"left","mobile_content_alignment":"left","content_max_width":1000,"content_vertical_alignment":"items-start","content_horizontal_alignment":"justify-center","image_overlay_opacity":0,"use_color_scheme":false,"color_scheme":"","card_shadow":true,"round_corners":true,"padding":"p-1","custom_padding":6,"padding_desktop_only":true},"blocks":{"icon_with_text_dpBqhX":{"type":"icon_with_text","settings":{"icon_heading_gap":2.5,"text_max_width":400,"link":"","icon":"magic_wand","icon_container":"rounded","icon_size":3,"icon_vertical_position":0.1,"icon_color":"#8f1818","icon_background_color":"#fddfdf","background_gradient":"linear-gradient(54deg, rgba(255, 235, 235, 1) 13%, rgba(249, 214, 205, 1) 85%)","heading":"Perfect Fitment","heading_italic_convert":"","heading_size":"h5","heading_size_custom":2.4,"heading_line_height_custom":1.2,"heading_tag":"h3","text":"<p>Enhanced vehicle compatibility guides to help you get the right part<\/p>","text_size":"t3"},"blocks":{}}},"block_order":["icon_with_text_dpBqhX"]},"layout_column_cUBx8q":{"type":"_layout-column","settings":{"column_link":"","column_link_text":"","small_breakpoint_width":100,"medium_breakpoint_width":50,"width":33,"height_mode":"full","min_height":500,"vertical_alignment":"self-start","sticky":false,"desktop_content_alignment":"left","mobile_content_alignment":"left","content_max_width":1000,"content_vertical_alignment":"items-start","content_horizontal_alignment":"justify-center","image_overlay_opacity":0,"use_color_scheme":false,"color_scheme":"","card_shadow":true,"round_corners":true,"padding":"p-1","custom_padding":6,"padding_desktop_only":true},"blocks":{"icon_with_text_4dJam7":{"type":"icon_with_text","settings":{"icon_heading_gap":2.5,"text_max_width":400,"link":"","icon":"map_pin","icon_container":"rounded","icon_size":3,"icon_vertical_position":0.1,"icon_color":"#187a8f","icon_background_color":"#dff6fd","background_gradient":"linear-gradient(54deg, rgba(223, 246, 253, 1) 12%, rgba(196, 238, 250, 1) 85%)","heading":"Order Tracking","heading_italic_convert":"","heading_size":"h5","heading_size_custom":2.4,"heading_line_height_custom":1.2,"heading_tag":"h3","text":"<p>Streamlined design meets superior shipping tracking - know where your order is.<\/p>","text_size":"t3"},"blocks":{}}},"block_order":["icon_with_text_4dJam7"]}},"block_order":["layout_column_BCUyM6","layout_column_PPDWPm","layout_column_XBqiq7","layout_column_DYBCPj","layout_column_ejztYL","layout_column_cUBx8q"],"name":"Highlights","settings":{"gap_small":38,"gap_medium":24,"gap_desktop":36,"section_max_width":"xl","use_breakpoints":true,"small_breakpoint_custom":"549","medium_breakpoint_custom":"1023","image_overlay_opacity":0,"content_max_width":"xl","desktop_heading_alignment":"left","mobile_heading_alignment":"left","title":"","italic_convert":"","heading_size":"h2","text":"","text_size":"t3","view_all_link":"","view_all_text":"","view_all_text_size":"t3","section_color_scheme":"scheme-2","line_separator":"","top_padding":"pt-s15","bottom_padding":"pb-s15","visibility":"","hide_when_empty":false,"show_at_specific_time_of_day":false,"show_time_morning":true,"show_time_afternoon":true,"show_time_evening":true,"show_time_night":true}}},"order":["breadcrumbs","main","custom_liquid_jEh6z3","flexible_columns_kaHVKE","spacer_qWBT7U","flexible_columns_8C7gpw"]}