{
  "layout": "password",
  "sections": {
    "ribbon_banner_bTJMnF": {
      "type": "ribbon-banner",
      "blocks": {
        "text_qtw3ew": {
          "type": "text",
          "settings": {
            "text": "<p><strong>Grab your early bird discount...</strong></p>",
            "text_size": "t4",
            "content_max_width": "m"
          }
        },
        "discount_QkzMYq": {
          "type": "discount",
          "settings": {
            "discount_code": "YOURCODE10",
            "text_size": "t6",
            "discount_gated": false,
            "color_peel_background": "#f57309",
            "color_peel_foreground": "#ffffff"
          }
        }
      },
      "block_order": [
        "text_qtw3ew",
        "discount_QkzMYq"
      ],
      "disabled": true,
      "settings": {
        "full_width": true,
        "closable": false,
        "content_alignment": "justify-center",
        "vertical_padding": 1,
        "horizontal_padding": 3.5,
        "spacing_grid": 3,
        "visibility": "both",
        "image_overlay_opacity": 0,
        "color_scheme": "scheme-5",
        "line_separator": "border-top border-bottom",
        "top_padding": "pt-s05",
        "bottom_padding": "pb-s05",
        "hide_when_empty": false
      }
    },
    "spacer_p79zaD": {
      "type": "spacer",
      "settings": {
        "full_width": false,
        "show_line_separator": false,
        "visibility": "",
        "line_width": 100,
        "spacing_top": 3.2,
        "spacing_bottom": 3.8,
        "color_scheme": "",
        "line_color": ""
      }
    },
    "main": {
      "type": "email-signup-banner",
      "blocks": {
        "icon": {
          "type": "icon",
          "settings": {
            "visibility": "always",
            "icon": "rocket",
            "icon_container": "circle",
            "icon_size": 3.4,
            "icon_color": "#ffffff",
            "icon_background_color": "#3c7dc9",
            "background_gradient": ""
          }
        },
        "heading": {
          "type": "heading",
          "settings": {
            "visibility": "always",
            "heading": "Coming Soon!",
            "heading_italic_convert": "",
            "heading_size": "h3",
            "heading_size_custom": 2.4,
            "heading_line_height_custom": 1.2,
            "heading_tag": "h2"
          }
        },
        "text": {
          "type": "text",
          "settings": {
            "visibility": "always",
            "text": "<p>Find out when we open</p>",
            "text_size": "t3"
          }
        },
        "email_form": {
          "type": "email_form",
          "settings": {
            "visibility": "always"
          }
        }
      },
      "block_order": [
        "icon",
        "heading",
        "text",
        "email_form"
      ],
      "settings": {
        "preview_success": false,
        "full_width": true,
        "show_socials": true,
        "image_overlay_opacity": 0,
        "fix_image": false,
        "skew_images": false,
        "stack_images_on_mobile": true,
        "desktop_content_position": "md:justify-center md:items-center",
        "mobile_content_position": "justify-center items-center",
        "content_max_width": "m",
        "desktop_content_alignment": "center",
        "mobile_content_alignment": "center",
        "show_text_box": "always",
        "color_scheme": "scheme-1",
        "container_color_scheme": "scheme-2",
        "show_content_shadow": true,
        "line_separator": "",
        "top_padding": "pt-s",
        "bottom_padding": "pb-s"
      }
    }
  },
  "order": [
    "ribbon_banner_bTJMnF",
    "spacer_p79zaD",
    "main"
  ]
}
