{"sections":{"breadcrumbs":{"type":"breadcrumbs","settings":{"spacing":0,"color_scheme":"scheme-2","line_separator":"border-bottom"}},"main":{"type":"main-product","blocks":{"variant_picker":{"type":"variant_picker","settings":{"picker_type":"box","show_availability":true,"box_size":"auto","pill_text_size":"t4","pill_text_weight":"500","pill_text_transform":"none","prefix":"","variant_label_text_size":"t3","variant_label_text_weight":"bold","variant_label_text_transform":"","swatch_enabled":true,"swatch_size":1.6,"swatch_box":false,"size_chart_options":"Size","popup_style":"side","size_chart_icon":"question_mark","size_chart_label":"","size_chart_page":"size-chart","stock_visibility":"either"}},"spacer_XCjAkL":{"type":"spacer","settings":{"show_line_separator":true,"full_width":true,"spacing_top":3.4,"spacing_bottom":3,"spacer_visibility":"both","stock_visibility":"either","show_in_quickbuy":true,"line_color":""}},"price":{"type":"price","settings":{"price_color":"#ea0707","text_size":"h5-size"}},"buy_buttons":{"type":"buy_buttons","settings":{"button_text_transform":"none","button_text_font_weight":"bold","icon":"cart","icon_position":"left","show_dynamic_checkout":true,"show_gift_card_recipient":true,"show_quantity":true,"show_price":false}},"panel_KaqEVk":{"type":"panel","settings":{"padding":3,"panel_icon":"","panel_heading":"","heading_style":"text-body","heading_text_size":"t4","heading_text_weight":"bold","below_media":false,"visibility":"","stock_visibility":"out_of_stock","show_in_quickbuy":true,"color_scheme":"scheme-5"}},"enquiry_back_in_stock_TAdjDn":{"type":"enquiry_back_in_stock","settings":{"icon":"","text":"<h5>Sorry, it's out of stock.<\/h5><p>But we can let you know when it's back in.<\/p>","text_size":"t3","text_padding":0,"show_in_quickbuy":true,"color_scheme":"scheme-5","image_overlay_opacity":6,"card_shadow":false}},"panel_ax4TPn":{"type":"panel","settings":{"padding":0,"panel_icon":"","panel_heading":"","heading_style":"text-body","heading_text_size":"t4","heading_text_weight":"bold","below_media":false,"visibility":"","stock_visibility":"either","show_in_quickbuy":true,"color_scheme":"scheme-1"}},"complementary_V7Ew3r":{"type":"complementary","settings":{"layout":"stack","product_list_limit":4,"block_heading":"How about?","label_text_size":"t2","label_text_weight":"bold","color_scheme":"scheme-2","card_shadow":true}},"panel_EbDytj":{"type":"panel","settings":{"padding":0,"panel_icon":"","panel_heading":"","heading_style":"text-body","heading_text_size":"t4","heading_text_weight":"bold","below_media":true,"visibility":"","stock_visibility":"either","show_in_quickbuy":true,"color_scheme":"scheme-2"}},"product_badges_nGN6yi":{"type":"product_badges","settings":{}},"description_VVj7PD":{"type":"description","settings":{"show_in_quickbuy":true}},"collapsible-row-0":{"type":"collapsible_tab","settings":{"row_open":false,"heading":"Fabric & Details","row_heading_size":"t2","icon":"leather","content":"<p>Add tab content here to outline the materials used in your product, highlighting their origins, properties, and benefits. For instance, if you’re describing a jacket, detail the type of fabric used, its durability, and any eco-friendly qualities. Explain the craftsmanship involved, such as specialized weaving or treatment processes, and mention other materials like leather trims or metal fixtures to assure customers of the product's quality.<\/p>","page":"","content_embed":"","stock_visibility":"either","show_in_quickbuy":true,"heading_tag":"h2"}},"collapsible-row-2":{"type":"collapsible_tab","settings":{"row_open":false,"heading":"Sizing","row_heading_size":"t2","icon":"ruler","content":"<p>In luxury menswear, sizing is crucial for achieving the perfect fit, a key factor in both comfort and appearance. High-end brands often offer a wider range of sizes and more precise measurements, ensuring that each piece feels tailored to the individual. Whether it’s a shirt, shoes, or an accessory, the fit is designed to complement the wearer’s physique, enhancing the overall look and feel of the item.<br\/><br\/>Luxury garments may also offer customizable sizing options, allowing for minor adjustments in length, width, or other dimensions. This attention to fit ensures that each piece not only looks good but also moves with the wearer, providing a seamless blend of style and comfort.<\/p>","page":"","content_embed":"","stock_visibility":"either","show_in_quickbuy":true,"heading_tag":"h2"}},"collapsible-row-3":{"type":"collapsible_tab","settings":{"row_open":false,"heading":"Care Instructions","row_heading_size":"t2","icon":"heart","content":"<p>Incorporate tab content here to provide detailed care instructions for your product, specifying how to properly maintain and extend its lifespan. For example, if you're discussing apparel, include washing and drying guidelines, such as machine wash cold, tumble dry low, or hand wash only. Specify if any detergents or cleaning agents should be avoided and whether the item should be ironed or dry cleaned.<\/p>","page":"","content_embed":"","stock_visibility":"either","show_in_quickbuy":true,"heading_tag":"h2"}},"panel_bWz9dJ":{"type":"panel","settings":{"padding":2.4,"panel_icon":"shield_checkmark","panel_heading":"Shop safely","heading_style":"text-body","heading_text_size":"t2","heading_text_weight":"bold","below_media":false,"visibility":"hidden-xs","stock_visibility":"either","show_in_quickbuy":false,"color_scheme":"scheme-1"}},"text_hReqDJ":{"type":"text","settings":{"text":"Secure your shopping experience with various safe and trusted payment methods.","text_style":"body","text_size":"t3"}},"payment_icons_rt8Ubr":{"type":"payment_icons","settings":{"stock_visibility":"either"}},"spacer_PKVqBG":{"type":"spacer","settings":{"show_line_separator":true,"full_width":true,"spacing_top":3,"spacing_bottom":2.4,"spacer_visibility":"both","stock_visibility":"either","show_in_quickbuy":true,"line_color":"rgba(0,0,0,0)"}},"popup_ahUmtQ":{"type":"popup","settings":{"popup_style":"side","side_popup_max_width":500,"icon":"information_circle","icon_position":"left","text":"Shop safely with us","button_style":"link","button_text_font_weight":"font-normal","button_text_size":"t4","show_inline":false,"content":"<h3>Shopping Safely<\/h3><p>At our Shopify store, we prioritize your safety and security. Here's how we ensure a secure shopping experience:<\/p><p><strong>1. Secure Transactions:<\/strong> We use advanced encryption to protect your personal and payment information, ensuring it is safely transmitted and safeguarded.<\/p><p><strong>2. Trusted Payment Gateways:<\/strong> Our store integrates with trusted payment gateways, ensuring your transactions are processed securely and efficiently.<\/p><p><strong>3. Data Privacy:<\/strong> Your privacy is our top priority. We follow strict data protection policies to keep your personal information confidential and secure.<\/p><p><strong>4. Secure Platform:<\/strong> Shopify provides robust security features and continuous monitoring against vulnerabilities, ensuring a safe shopping environment.<\/p><p><strong>5. Verified Merchants:<\/strong> We are a verified merchant on Shopify, committed to providing authentic and high-quality products.<\/p><p><strong>6. Transparent Policies:<\/strong> Our clear return, refund, and shipping policies provide peace of mind, knowing we stand behind our products.<\/p><p><strong>7. Customer Support:<\/strong> Our dedicated customer support team is ready to assist with any concerns or questions you may have.<\/p><p>Shop confidently at our Shopify store, where your safety and satisfaction are our top priorities.<\/p>","page":""}}},"block_order":["variant_picker","spacer_XCjAkL","price","buy_buttons","panel_KaqEVk","enquiry_back_in_stock_TAdjDn","panel_ax4TPn","complementary_V7Ew3r","panel_EbDytj","product_badges_nGN6yi","description_VVj7PD","collapsible-row-0","collapsible-row-2","collapsible-row-3","panel_bWz9dJ","text_hReqDJ","payment_icons_rt8Ubr","spacer_PKVqBG","popup_ahUmtQ"],"settings":{"gallery_layout":"slider","sticky_panel":"","info_fullwidth_mob":false,"scroll_to_active_variant":true,"page_title_enabled":true,"page_title_vendor":false,"page_title_size":"h2","page_title_visibility":"","scroll_to_active_variant_on_change":true,"highlight_active_media":true,"slider_controls":"always","slider_controls_mobile":true,"slider_full_width_mobile":false,"enable_sticky_info":true,"media_size":"large","main_image_ratio":"landscape","media_fit":false,"product_media_radius":2,"product_media_scale":100,"enable_video_looping":false,"show_media_shadow":false,"thumbnail_layout":"both","thumbnail_radius":2,"thumbnail_scale":100,"thumbnail_image_ratio":"landscape","thumbnail_cover":false,"section_color_scheme":"scheme-2","media_color_scheme":"scheme-2","thumbnail_color_scheme":"scheme-2","info_color_scheme":"scheme-1","cta_color_scheme":"scheme-3","card_shadow":true,"image_replace_background":false,"top_padding":"pt-0","bottom_padding":"pb-s"}},"quick_order_list_TJVHJp":{"type":"quick-order-list","disabled":true,"settings":{"min_variants":0,"content_max_width":"m","desktop_heading_alignment":"left","mobile_heading_alignment":"left","title":"Bulk order","italic_convert":"","heading_size":"h2","line_separator":"border-top","top_padding":"pt-s","bottom_padding":"pb-s"}},"related-products":{"type":"related-products","disabled":true,"settings":{"products_to_show":4,"desktop_layout":"carousel","mobile_layout":"carousel","columns_desktop":"4","columns_mobile":"2","full_width":false,"content_max_width":"m","desktop_heading_alignment":"left","mobile_heading_alignment":"left","title":"You may also like","italic_convert":"","heading_size":"h2","text":"","text_size":"t3","color_scheme":"scheme-1","line_separator":"border-top","top_padding":"pt-s","bottom_padding":"pb-s"}},"image_hotspots_hTUram":{"type":"image-hotspots","blocks":{"heading_XWfdMd":{"type":"heading","settings":{"heading":"Product features","heading_italic_convert":"","heading_size":"h3","heading_size_custom":2.4,"heading_line_height_custom":1.2,"heading_tag":"h2"}},"text_QJfctm":{"type":"text","settings":{"text":"<p>Highlight product features with metafield-friendly image hotspots.<\/p>","text_size":"t1"}},"hotspot_FhrVAj":{"type":"hotspot","settings":{"hotspot_horizontal_position_desktop":18,"hotspot_vertical_position_desktop":16,"hotspot_horizontal_position_override_desktop":"","hotspot_vertical_position_override_desktop":"","hotspot_position_mobile":false,"hotspot_horizontal_position_mobile":50,"hotspot_vertical_position_mobile":50,"hotspot_horizontal_position_override_mobile":"","hotspot_vertical_position_override_mobile":"","popover_product":"","title":"Hotspot 1","popover_content":"<p>Hotspots can be shown on mobile, desktop or both - so you can have different content for different devices.<\/p>","popover_button_label":"","popover_button_link":"","popover_button_style":"link","popover_button_show_arrow":true,"hotspot_style":"plus","hotspot_size_desktop":36,"hotspot_size_mobile":24,"hotspot_pulse":true,"popover_width_desktop":335,"popover_title_size":"t2","popover_content_size":"t4","popover_button_text_size":"t6","popover_color_scheme":"","hotspot_background_color":"#ffffff","hotspot_foreground_color":"#222222","hotspot_opacity":95,"hotspot_visibility":""}},"hotspot_wX8a87":{"type":"hotspot","settings":{"hotspot_horizontal_position_desktop":79,"hotspot_vertical_position_desktop":33,"hotspot_horizontal_position_override_desktop":"","hotspot_vertical_position_override_desktop":"","hotspot_position_mobile":false,"hotspot_horizontal_position_mobile":50,"hotspot_vertical_position_mobile":50,"hotspot_horizontal_position_override_mobile":"","hotspot_vertical_position_override_mobile":"","popover_product":"","title":"Hotspot 2","popover_content":"<p>Each hotspot can have a different icon, color or size.<\/p>","popover_button_label":"","popover_button_link":"","popover_button_style":"link","popover_button_show_arrow":true,"hotspot_style":"magnify","hotspot_size_desktop":36,"hotspot_size_mobile":24,"hotspot_pulse":true,"popover_width_desktop":250,"popover_title_size":"t2","popover_content_size":"t4","popover_button_text_size":"t6","popover_color_scheme":"","hotspot_background_color":"#ffffff","hotspot_foreground_color":"#222222","hotspot_opacity":95,"hotspot_visibility":""}},"hotspot_i8xe9H":{"type":"hotspot","settings":{"hotspot_horizontal_position_desktop":63,"hotspot_vertical_position_desktop":65,"hotspot_horizontal_position_override_desktop":"","hotspot_vertical_position_override_desktop":"","hotspot_position_mobile":false,"hotspot_horizontal_position_mobile":50,"hotspot_vertical_position_mobile":50,"hotspot_horizontal_position_override_mobile":"","hotspot_vertical_position_override_mobile":"","popover_product":"","title":"Hotspot 3","popover_content":"<p>If you're showcasing products, you can quickly set this section up by selecting a specific product for each hotspot and the theme will fill in the rest.<\/p>","popover_button_label":"View product","popover_button_link":"","popover_button_style":"secondary","popover_button_show_arrow":true,"hotspot_style":"camera","hotspot_size_desktop":36,"hotspot_size_mobile":24,"hotspot_pulse":true,"popover_width_desktop":355,"popover_title_size":"t2","popover_content_size":"t4","popover_button_text_size":"t6","popover_color_scheme":"","hotspot_background_color":"#ffffff","hotspot_foreground_color":"#222222","hotspot_opacity":95,"hotspot_visibility":""}}},"block_order":["heading_XWfdMd","text_QJfctm","hotspot_FhrVAj","hotspot_wX8a87","hotspot_i8xe9H"],"settings":{"image_overlay_opacity":8,"skew_images":false,"image_ratio":"landscape_wider","full_width":false,"desktop_content_position":"md:justify-start md:items-end","content_max_width":"xs","desktop_content_alignment":"left","mobile_content_alignment":"left","show_text_box":"always","color_scheme":"","container_color_scheme":"","line_separator":"border-top","top_padding":"pt-s","bottom_padding":"pb-s","hide_when_empty":false}},"rich_text_AqAAyx":{"type":"rich-text","blocks":{"heading_yVzDpd":{"type":"heading","settings":{"heading":"A timeless design","heading_italic_convert":"","heading_size":"h1","heading_size_custom":2.4,"heading_line_height_custom":1.2,"heading_tag":"h2"}},"text_dyL3R9":{"type":"text","settings":{"text":"<p>We combine elegance and simplicity, staying stylish across seasons. Crafted with care and premium materials, this piece offers lasting appeal that complements any wardrobe.<\/p>","text_size":"t1"}}},"block_order":["heading_yVzDpd","text_dyL3R9"],"settings":{"desktop_content_position":"center","content_max_width":"m","desktop_content_alignment":"center","mobile_content_alignment":"center","section_color_scheme":"scheme-2","container_color_scheme":"scheme-2","show_content_shadow":false,"line_separator":"border-top","top_padding":"pt-s15","bottom_padding":"pb-s","hide_when_empty":false}},"image_banner_gwGM38":{"type":"image-banner","settings":{"image":"{{ product.featured_image }}","image_overlay_opacity":0,"image_link":"","fix_image":false,"skew_images":false,"stack_images_on_mobile":true,"image_ratio":"adapt","desktop_section_height":500,"mobile_section_height":400,"full_width":false,"full_width_animate":false,"desktop_content_position":"md:justify-center md:items-center","mobile_content_position":"justify-center items-center","content_max_width":"m","desktop_content_alignment":"center","mobile_content_alignment":"center","show_text_box":"desktop","show_text_below":true,"color_scheme":"scheme-2","container_color_scheme":"scheme-2","line_separator":"","top_padding":"pt-0","bottom_padding":"pb-s","hide_when_empty":false}},"stats_bJWtWh":{"type":"stats","blocks":{"column_standard_iYMRFj":{"type":"column_standard","settings":{"stat_caption":"Consists of","stat_number":"88%","title":"organic material","heading_size":"h4","stat_color":"#35504b","stat_text_gradient":"","icon":"","icon_container":"none","icon_size":3.4,"icon_color":"","icon_background_color":"#ededed","background_gradient":"","text":"","text_size":"t3","image_ratio":"adapt","image_width":100,"image_position":"below_text","button_text_size":"t3","button_label":"","button_link":"","button_style":"primary","button_style_show_arrow":false,"card_link":"","card_color_scheme":"scheme-2","color_scheme_bg_fix":false}},"column_standard_NBeTj7":{"type":"column_standard","settings":{"stat_caption":"With","stat_number":"49","title":"positive reviews","heading_size":"h4","stat_color":"#35504b","stat_text_gradient":"","icon":"","icon_container":"none","icon_size":3.4,"icon_color":"","icon_background_color":"#ededed","background_gradient":"","text":"","text_size":"t3","image_ratio":"adapt","image_width":100,"image_position":"below_text","button_text_size":"t3","button_label":"","button_link":"","button_style":"primary","button_style_show_arrow":false,"card_link":"","card_color_scheme":"scheme-2","color_scheme_bg_fix":false}},"column_standard_yypakD":{"type":"column_standard","settings":{"stat_caption":"Manufactured with","stat_number":"25%","title":"less water","heading_size":"h4","stat_color":"#35504b","stat_text_gradient":"","icon":"","icon_container":"none","icon_size":3.4,"icon_color":"","icon_background_color":"#ededed","background_gradient":"","text":"","text_size":"t3","image_ratio":"adapt","image_width":100,"image_position":"below_text","button_text_size":"t3","button_label":"","button_link":"","button_style":"primary","button_style_show_arrow":false,"card_link":"","card_color_scheme":"scheme-2","color_scheme_bg_fix":false}}},"block_order":["column_standard_iYMRFj","column_standard_NBeTj7","column_standard_yypakD"],"settings":{"stat_animate":true,"stat_caption_style":"caption-with-letter-spacing","stat_style":"text-body","heading_style":"text-body","stat_size":"custom","stat_size_custom":6.2,"desktop_section_height":300,"mobile_section_height":0,"column_alignment":"center","text_vertical_alignment":"justify-center","spacing_grid":28,"content_padding":2,"columns_desktop":3,"columns_desktop_scale":true,"full_width_section":true,"image_overlay_opacity":0,"content_max_width":"m","desktop_heading_alignment":"center","mobile_heading_alignment":"center","title":"","italic_convert":"light","heading_size":"h3","text":"","text_size":"t3","view_all_link":"","view_all_text":"","view_all_text_size":"t3","color_scheme":"scheme-2","card_shadow":false,"line_separator":"","top_padding":"pt-0","bottom_padding":"pb-s","hide_when_empty":true,"heading_tag":"h2"}},"multicolumn_GPUXLe":{"type":"multicolumn","blocks":{"column_standard_QHJ7W3":{"type":"column_standard","settings":{"column_alignment":"center","text_vertical_alignment":"justify-start","content_padding":2,"image_ratio":"adapt","image_width":60,"image_position":"top","icon":"box","icon_container":"rounded","icon_size":5,"icon_color":"#ffffff","icon_background_color":"#ededed","background_gradient":"linear-gradient(33deg, rgba(17, 16, 17, 1) 7%, rgba(82, 78, 88, 1) 94%)","title":"Dust bag","heading_size":"custom","heading_size_custom":1.2,"text":"","text_size":"t3","button_text_size":"t3","button_label":"","button_link":"","button_style":"primary","button_style_show_arrow":false,"card_link":"","card_color_scheme":"scheme-1","color_scheme_bg_fix":false}},"column_standard_LwATeP":{"type":"column_standard","settings":{"column_alignment":"center","text_vertical_alignment":"justify-start","content_padding":2,"image_ratio":"adapt","image_width":60,"image_position":"top","icon":"book","icon_container":"rounded","icon_size":5,"icon_color":"#ffffff","icon_background_color":"#ededed","background_gradient":"linear-gradient(33deg, rgba(17, 16, 17, 1) 7%, rgba(82, 78, 88, 1) 94%)","title":"Care instructions","heading_size":"custom","heading_size_custom":1.2,"text":"","text_size":"t3","button_text_size":"t3","button_label":"","button_link":"","button_style":"primary","button_style_show_arrow":false,"card_link":"","card_color_scheme":"scheme-1","color_scheme_bg_fix":false}},"column_standard_kFjQRi":{"type":"column_standard","settings":{"column_alignment":"center","text_vertical_alignment":"justify-start","content_padding":2,"image_ratio":"adapt","image_width":60,"image_position":"top","icon":"shield_checkmark","icon_container":"rounded","icon_size":5,"icon_color":"#ffffff","icon_background_color":"#ededed","background_gradient":"linear-gradient(33deg, rgba(17, 16, 17, 1) 7%, rgba(82, 78, 88, 1) 94%)","title":"Warranty card","heading_size":"custom","heading_size_custom":1.2,"text":"","text_size":"t3","button_text_size":"t3","button_label":"","button_link":"","button_style":"primary","button_style_show_arrow":false,"card_link":"","card_color_scheme":"scheme-1","color_scheme_bg_fix":false}},"column_standard_GGR3Uc":{"type":"column_standard","settings":{"column_alignment":"center","text_vertical_alignment":"justify-start","content_padding":2,"image_ratio":"adapt","image_width":60,"image_position":"top","icon":"plant","icon_container":"rounded","icon_size":5,"icon_color":"#ffffff","icon_background_color":"#ededed","background_gradient":"linear-gradient(33deg, rgba(17, 16, 17, 1) 7%, rgba(82, 78, 88, 1) 94%)","title":"Eco-packing","heading_size":"custom","heading_size_custom":1.2,"text":"","text_size":"t3","button_text_size":"t3","button_label":"","button_link":"","button_style":"primary","button_style_show_arrow":false,"card_link":"","card_color_scheme":"scheme-1","color_scheme_bg_fix":false}}},"block_order":["column_standard_QHJ7W3","column_standard_LwATeP","column_standard_kFjQRi","column_standard_GGR3Uc"],"settings":{"icon_bottom":false,"desktop_section_height":200,"mobile_section_height":200,"desktop_layout":"grid","mobile_layout":"grid","columns_desktop":"4","columns_desktop_scale":true,"columns_mobile":"2","image_overlay_opacity":0,"content_max_width":"m","desktop_heading_alignment":"center","mobile_heading_alignment":"center","title":"What's in the box?","italic_convert":"","heading_size":"h2","text":"","text_size":"t3","view_all_link":"","view_all_text":"","view_all_text_size":"t3","color_scheme":"scheme-1","card_shadow":false,"line_separator":"border-top","top_padding":"pt-s","bottom_padding":"pb-s","hide_when_empty":false,"heading_tag":"h2"}},"ribbon_banner_pxNBa9":{"type":"ribbon-banner","blocks":{"text_qN3myC":{"type":"text","settings":{"text":"<h5>High-quality<\/h5><p>Crafted from premium materials, our clothing offers unparalleled quality, ensuring lasting style and comfort for every occasion.<\/p>","text_size":"t4","content_max_width":"m"}},"text_HWRzU9":{"type":"text","settings":{"text":"<h5>Timeless style<\/h5><p>Embrace timeless style with our collection, where classic designs meet modern elegance for a sophisticated look that never fades.<\/p>","text_size":"t4","content_max_width":"m"}},"text_pkEiYj":{"type":"text","settings":{"text":"<h5>Sustainable ethos<\/h5><p>Rooted in a sustainable ethos, our brand prioritizes eco-friendly practices and materials to protect the planet for future generations.<\/p>","text_size":"t4","content_max_width":"m"}}},"block_order":["text_qN3myC","text_HWRzU9","text_pkEiYj"],"settings":{"full_width":false,"closable":false,"content_alignment":"justify-center","vertical_padding":4.2,"horizontal_padding":5.8,"spacing_grid":5.6,"image_overlay_opacity":0,"color_scheme":"scheme-3","line_separator":"border-bottom","top_padding":"pt-0","bottom_padding":"pb-s15","visibility":"both","hide_when_empty":false}},"collapsible_content_t3C4Tq":{"type":"collapsible-content","blocks":{"collapsible_row_UPgR8m":{"type":"collapsible_row","settings":{"row_open":true,"heading":"Does it come with a warranty?","icon":"shield_checkmark","image_width":20,"row_content":"<p>Add your collapsible row content here. If it's set to open one row at a time, consider keeping the content in each row about the same length.<\/p>","page":"","content_embed":"","button_text_size":"t3","button_label_1":"","button_link_1":"\/","button_style_1":"primary","button_style_1_show_arrow":false}},"collapsible_row_wzzmgF":{"type":"collapsible_row","settings":{"row_open":false,"heading":"What happens if I don't like it?","icon":"ban","image_width":20,"row_content":"<p>Add your collapsible row content here. If it's set to open one row at a time, consider keeping the content in each row about the same length.<\/p>","page":"","content_embed":"","button_text_size":"t3","button_label_1":"","button_link_1":"\/","button_style_1":"primary","button_style_1_show_arrow":false}},"collapsible_row_y93qxH":{"type":"collapsible_row","settings":{"row_open":false,"heading":"How fast is shipping?","icon":"truck","image_width":20,"row_content":"<p>Add your collapsible row content here. If it's set to open one row at a time, consider keeping the content in each row about the same length.<\/p>","page":"","content_embed":"","button_text_size":"t3","button_label_1":"","button_link_1":"\/","button_style_1":"primary","button_style_1_show_arrow":false}},"collapsible_row_3zyzVG":{"type":"collapsible_row","settings":{"row_open":false,"heading":"What's the returns policy?","icon":"return","image_width":20,"row_content":"<p>Add your collapsible row content here. If it's set to open one row at a time, consider keeping the content in each row about the same length.<\/p>","page":"","content_embed":"","button_text_size":"t3","button_label_1":"","button_link_1":"\/","button_style_1":"primary","button_style_1_show_arrow":false}}},"block_order":["collapsible_row_UPgR8m","collapsible_row_wzzmgF","collapsible_row_y93qxH","collapsible_row_3zyzVG"],"settings":{"one_row_at_a_time":true,"show_line_separator":true,"row_heading_size":"t2","row_text_size":"t4","show_header_beside":true,"desktop_media_width":40,"layout":"media_first","show_search_box":true,"content_max_width":"l","desktop_heading_alignment":"left","mobile_heading_alignment":"left","title":"Any questions?","italic_convert":"","heading_size":"h2","text":"","text_size":"t3","button_label":"","button_link":"","button_style":"secondary","button_text_size":"t5","button_style_show_arrow":true,"section_color_scheme":"","color_scheme":"","show_content_shadow":true,"line_separator":"","top_padding":"pt-s","bottom_padding":"pb-s","heading_tag":"h3","render_schema":true,"hide_when_empty":true}},"testimonials_wGiqtd":{"type":"testimonials","blocks":{"column_standard_BKG4cg":{"type":"column_standard","settings":{"image_ratio":"adapt","image_width":100,"rating_stars":5,"title":"Testimonial","text":"<p>Include a review of the product or collection left by a customer. Or perhaps it's a review of your store as whole.<\/p>","author_name":"Jane Doe","author_caption":"Director, Company name","card_link":"","card_color_scheme":"scheme-2","color_scheme_bg_fix":false}},"column_standard_bxfpHL":{"type":"column_standard","settings":{"image_ratio":"adapt","image_width":100,"rating_stars":5,"title":"Testimonial","text":"<p>Include a review of the product or collection left by a customer. Or perhaps it's a review of your store as whole.<\/p>","author_name":"Jane Doe","author_caption":"Director, Company name","card_link":"","card_color_scheme":"","color_scheme_bg_fix":false}},"column_standard_DKwYDD":{"type":"column_standard","settings":{"image_ratio":"adapt","image_width":100,"rating_stars":5,"title":"Testimonial","text":"<p>Include a review of the product or collection left by a customer. Or perhaps it's a review of your store as whole.<\/p>","author_name":"Jane Doe","author_caption":"Director, Company name","card_link":"","card_color_scheme":"","color_scheme_bg_fix":false}}},"block_order":["column_standard_BKG4cg","column_standard_bxfpHL","column_standard_DKwYDD"],"disabled":true,"settings":{"review_style":"star","rating_size":3,"heading_style":"text-body","card_heading_size":"h5","card_text_size":"t3","author_line":true,"desktop_section_height":200,"mobile_section_height":200,"column_alignment":"left","text_vertical_alignment":"justify-center","content_padding":4,"desktop_layout":"carousel","mobile_layout":"carousel","columns_desktop":"3","columns_desktop_scale":true,"full_width":false,"image_overlay_opacity":0,"content_max_width":"m","desktop_heading_alignment":"left","mobile_heading_alignment":"left","title":"Testimonials","italic_convert":"","heading_size":"h2","text":"","text_size":"t3","view_all_link":"","view_all_text":"","view_all_text_size":"t3","color_scheme":"","star_color":"#f5e121","card_shadow":true,"line_separator":"border-bottom","top_padding":"pt-s","bottom_padding":"pb-s","hide_when_empty":true,"heading_tag":"h2"}},"ribbon_banner_kAqDx9":{"type":"ribbon-banner","blocks":{"heading_86zr4g":{"type":"heading","settings":{"heading":"Questions about this product?++ Don't be a stranger.","heading_italic_convert":"","heading_size":"custom","heading_size_custom":2.4,"heading_line_height_custom":1.7,"heading_tag":"h2"}},"buttons_FCB4dg":{"type":"buttons","settings":{"button_text_size":"t2","button_label_1":"Get in touch","button_link_1":"\/","button_style_1":"secondary","button_style_1_show_arrow":true,"button_label_2":"","button_link_2":"","button_style_2":"secondary","button_style_2_show_arrow":false}}},"block_order":["heading_86zr4g","buttons_FCB4dg"],"settings":{"full_width":true,"closable":false,"content_alignment":"justify-center","vertical_padding":10,"horizontal_padding":3.5,"spacing_grid":8.8,"image_overlay_opacity":0,"color_scheme":"scheme-2","line_separator":"border-top","top_padding":"pt-s","bottom_padding":"pb-s","visibility":"both","hide_when_empty":false}},"alert_DtAfgB":{"type":"alert","blocks":{"text_J3aeGA":{"type":"text","settings":{"text":"<p><strong>Sustainable product<\/strong><\/p><p>Made with 88% organic material<\/p>","text_size":"t3"}}},"block_order":["text_J3aeGA"],"settings":{"show_delay":4,"auto_close":0,"show_close":true,"mode":"enabled","desktop_content_position":"md:justify-start md:items-end","mobile_content_position":"justify-start items-end","content_max_width":"xs","desktop_content_alignment":"left","mobile_content_alignment":"left","content_padding":1.8,"icon":"earth","icon_container":"none","icon_size":5.4,"icon_color":"","icon_background_color":"#ededed","background_gradient":"","image_cover":true,"image_position_desktop":"left","image_position_mobile":"left","image_size_desktop":150,"image_size_mobile":150,"image_overlay_opacity":0,"color_scheme":"","visibility":"both","hide_when_empty":false}}},"order":["breadcrumbs","main","quick_order_list_TJVHJp","related-products","image_hotspots_hTUram","rich_text_AqAAyx","image_banner_gwGM38","stats_bJWtWh","multicolumn_GPUXLe","ribbon_banner_pxNBa9","collapsible_content_t3C4Tq","testimonials_wGiqtd","ribbon_banner_kAqDx9","alert_DtAfgB"]}